longitude,latitude,newPlot
123.4159698,41.80778122,0
123.4396362,41.80488968,1
123.4312515,41.80846024,2
123.4372406,41.7996788,3
123.4344177,41.81195831,4
123.4121704,41.8152504,5
123.411911,41.81045914,6
123.4421463,41.8010788,7
123.4359436,41.80569839,8
123.4290314,41.81130981,9
123.4128571,41.80469894,10
123.4320221,41.80392075,11
123.4262009,41.81328964,12
123.4166718,41.8102417,13
123.4003677,41.79272079,14
123.4503174,41.78078079,15
123.4378204,41.75955963,16
123.4326324,41.76139069,17
123.4354477,41.75598145,18
123.3458862,41.53760147,19
123.3352509,41.53427887,20
123.3370209,41.51704025,21
123.3214417,41.69348907,22
123.4439316,41.78248978,23
123.4499664,41.78374863,24
123.4061203,41.79851151,25
123.4430695,41.77388,26
123.319313,41.70632172,27
123.3497086,41.71292114,28
123.3864212,41.516819,29
123.3683319,41.71891022,30
123.3478012,41.55226898,31
123.3301086,41.53659821,32
123.45047,41.77920914,33
123.3372116,41.52492142,34
123.3122177,41.56336975,35
123.3982468,41.78939819,36
123.4412384,41.76774979,37
123.4528885,41.70713043,38
123.33004,41.57017899,39
123.4351273,41.69882965,40
123.3740692,41.51490021,41
123.3819504,41.79463959,42
123.4087296,41.80886078,43
123.4078903,41.79399109,44
123.40905,41.79639816,45
123.4118195,41.79265976,46
123.4088821,41.7910614,47
123.4084473,41.79283905,48
123.4161072,41.78958893,49
123.3872986,41.80065155,50
123.4151917,41.79349136,51
123.409462,41.7925415,52
123.3762817,41.8028717,53
123.3704987,41.8051796,54
123.4128494,41.81581116,55
123.4119873,41.8078804,56
123.4113693,41.81541061,57
123.4136581,41.81689835,58
123.4131699,41.81354904,59
123.4008865,41.80546951,60
123.3991394,41.82085037,61
123.4143829,41.81169891,62
123.4050827,41.81103134,63
123.4087067,41.80638123,64
123.4168396,41.82715988,65
123.4131699,41.82835007,66
123.4109268,41.82249069,67
123.4132919,41.82429123,68
123.4301834,41.82373047,69
123.4287491,41.82312012,70
123.4427795,41.79285812,71
123.4364624,41.79341888,72
123.4385071,41.79291916,73
123.4135971,41.82078171,74
123.4133606,41.82601166,75
123.4094467,41.81962967,76
123.418869,41.79587936,77
123.4217072,41.80179977,78
123.4228973,41.82117081,79
123.4133682,41.81906128,80
123.4415131,41.79069901,81
123.4413986,41.79521179,82
123.4087677,41.82728958,83
123.4118118,41.82775879,84
123.415947,41.82638931,85
123.4314499,41.79272842,86
123.4172211,41.8232193,87
123.4355469,41.81787872,88
123.4248505,41.80847931,89
123.4321518,41.79225922,90
123.4452972,41.79330063,91
123.4364777,41.81536865,92
123.4435272,41.81632996,93
123.7440491,41.87060928,94
123.4362564,41.81409836,95
123.9822388,41.91376114,96
123.8424911,41.90208054,97
123.5701828,41.84872055,98
123.7372131,41.86552811,99
123.5129471,41.81296921,100
123.5773392,41.84096146,101
123.4498215,41.8127594,102
123.4513474,41.80987167,103
123.9071808,41.90761185,104
123.79702,41.89694977,105
122.8896332,41.51470947,106
122.8960876,41.51839828,107
122.8947372,41.51762009,108
123.3034363,41.77828979,109
122.9067917,41.52077866,110
123.2350616,41.76229858,111
123.40065,41.79916,112
122.8741531,41.50146866,113
123.3013992,41.79296112,114
123.2972031,41.79404068,115
123.3987732,41.65663147,116
123.3872604,41.68149948,117
123.3922501,41.76182175,118
123.3968201,41.77841949,119
123.4054337,41.73435974,120
123.3297577,41.79167938,121
123.3355484,41.82492065,122
123.3975372,41.7638588,123
123.3119812,41.79444885,124
123.4074783,41.71160889,125
123.4003372,41.748909,126
123.4100418,41.71696854,127
123.3088303,41.7948494,128
123.341301,41.83958817,129
123.4041824,41.78815842,130
123.4106903,41.80588913,131
123.382637,41.67253876,132
123.3415833,41.83486938,133
123.3956985,41.66041946,134
123.3636017,41.76478958,135
122.8239136,42.01221848,136
123.330162,41.81687927,137
123.4646378,41.80677032,138
123.4543991,41.80009079,139
123.4689713,41.83068848,140
123.4746933,41.83179855,141
122.8331604,42.01269913,142
122.8111191,42.0118103,143
123.4572067,41.81924057,144
123.385437,41.76366043,145
123.2186127,41.87506866,146
123.3260727,41.78894043,147
123.4369736,41.81069946,148
123.2430191,41.85911942,149
123.3388977,41.77386856,150
123.451828,41.79811859,151
123.013298,41.95848083,152
123.4638138,41.80162811,153
123.2880707,41.84394073,154
123.4589996,41.80213165,155
123.4533081,41.79941177,156
123.4639206,41.80471039,157
122.9420471,42.01485825,158
123.3680801,41.7646904,159
122.9983902,42.02111053,160
123.4670715,41.83361053,161
123.3436737,41.78839111,162
123.3488464,41.79114151,163
123.3471985,41.78953934,164
123.3480301,41.79275894,165
123.3501663,41.7890892,166
123.3462982,41.78725052,167
123.3501892,41.79389191,168
123.3831787,41.75664902,169
123.3879929,41.75057983,170
123.4167023,41.80054855,171
123.4153519,41.7809906,172
123.3493729,41.79272079,173
123.3716965,41.76863861,174
123.3605576,41.77761841,175
123.4168396,41.78324127,176
123.3456116,41.7684288,177
123.4342422,41.75323868,178
123.4062119,41.79008865,179
123.3912888,41.76742935,180
123.4266129,41.75957108,181
123.3629379,41.77523041,182
123.3988419,41.75511932,183
123.4291306,41.76118851,184
123.4137192,41.77326965,185
123.4176865,41.80654907,186
123.4268494,41.78609085,187
123.4222031,41.78456116,188
123.4685898,41.7313118,189
123.3468475,41.77386856,190
123.4014435,41.7567215,191
123.4236679,41.79983139,192
123.4140701,41.79787827,193
123.4003906,41.7820015,194
123.3966904,41.72800064,195
123.4166412,41.77536011,196
123.5041275,41.64099884,197
123.3549118,41.7796402,198
123.3783112,41.78226852,199
123.4340591,41.73952103,200
123.3377228,41.76914978,201
123.4130402,41.74742889,202
123.4277878,41.76531982,203
123.4256287,41.75188065,204
123.4317474,41.78593826,205
123.4221497,41.7995491,206
123.4142609,41.80113983,207
123.4086685,41.73022079,208
123.4417267,41.78430939,209
123.3834229,41.78184128,210
123.3565521,41.76601028,211
123.3549423,41.76934052,212
123.3389969,41.76615906,213
123.3527908,41.78551102,214
123.3509064,41.78245163,215
123.4094391,41.75185013,216
123.4248962,41.79085159,217
123.4003677,41.79526138,218
123.4270782,41.78303909,219
123.4193115,41.78630829,220
123.4221497,41.78771973,221
123.5447083,42.4447403,222
123.5373001,42.43714905,223
123.5512619,42.44602966,224
123.5568695,42.44176102,225
123.5453186,42.45396042,226
123.5511475,42.45238113,227
123.5406113,42.44189072,228
123.5506516,42.4428215,229
123.5500183,42.45716095,230
123.5334167,42.09577179,231
123.4830093,41.87791824,232
123.4457703,41.81283188,233
123.4769592,41.8914299,234
123.539238,42.44129944,235
123.4642181,42.49359894,236
123.5341415,42.43497086,237
123.5492096,42.44966888,238
123.5392532,42.45907974,239
123.5400696,42.00228882,240
123.4766693,41.85401154,241
123.549263,42.45034027,242
123.4481201,42.48986816,243
123.5518417,42.440979,244
123.5438232,42.44987106,245
123.560051,42.45108032,246
123.436348,42.48641968,247
123.5317078,41.9632988,248
123.4470367,42.50167847,249
123.4163818,42.28546906,250
123.4024124,42.27907944,251
123.5422287,42.43495178,252
123.4154205,41.80363083,253
123.318222,41.89696884,254
123.3894806,41.81341171,255
123.4712601,41.80279922,256
122.7451477,42.19039917,257
123.3720703,41.79911041,258
122.5491333,42.35128021,259
122.8788223,42.04098892,260
122.5167389,42.3719902,261
122.5376816,42.37062073,262
123.3815536,41.79856873,263
122.9195099,42.03261948,264
123.4138184,41.79597855,265
123.4130478,41.79536819,266
123.4102325,41.79447174,267
123.4533997,41.79098892,268
123.3628693,41.76919937,269
123.4081192,41.80641937,270
123.3614578,41.76667023,271
123.3764191,41.77386856,272
123.3492432,41.76873016,273
123.4019775,41.78142166,274
123.3847275,41.76959991,275
123.3942108,41.77685928,276
123.4346771,41.76557159,277
123.3776016,41.7694397,278
123.3262634,41.79748917,279
123.4065933,41.85773087,280
123.3664627,41.76753998,281
123.4030685,41.7986908,282
123.4502182,41.77291107,283
123.3155365,41.76620102,284
123.3481827,41.76536179,285
123.3940125,41.77256012,286
123.4309311,41.79019928,287
123.4181137,41.79104996,288
123.3142776,41.76586914,289
123.3256607,41.7711792,290
123.3421478,41.77145004,291
123.3325119,41.81990051,292
123.4028625,41.77616882,293
123.3968582,41.8028717,294
123.4536133,41.79661179,295
123.4051132,41.79402924,296
123.3370209,41.82825851,297
123.380127,41.76828003,298
123.6237869,42.17071915,299
123.4345474,41.81629181,300
123.4354477,41.82389832,301
123.4592972,41.79668045,302
123.4359512,41.82593155,303
123.4363098,41.81896973,304
123.4348373,41.81600189,305
123.4548798,41.80014038,306
123.4354401,41.8241806,307
123.454422,41.80472183,308
123.4369812,41.81771088,309
123.527153,42.09254074,310
123.4200516,41.84743118,311
123.4196777,41.8441391,312
123.43573,41.82846069,313
123.4186478,41.84656143,314
123.4198914,41.85242844,315
123.4148865,41.85251999,316
123.4208603,41.81906128,317
123.4206696,41.82857895,318
123.4684677,41.80929947,319
123.4600601,41.79861832,320
123.4599075,41.79985046,321
123.4510498,41.91876984,322
123.4627838,41.95598984,323
123.4263535,41.81867981,324
123.4563904,41.90901184,325
123.4658508,41.9552002,326
123.6631165,41.90634155,327
123.5547409,41.94411087,328
123.6205215,41.84529114,329
123.4274979,41.81919861,330
123.3498383,41.8263092,331
123.4207916,41.81219864,332
123.4286728,41.81935883,333
123.4610901,41.79938889,334
123.2917175,41.85375977,335
123.6168213,41.83940125,336
123.569931,41.82043076,337
123.6147003,41.86344147,338
123.5534897,41.82307053,339
123.5447998,41.81800079,340
123.4295883,41.81406021,341
123.6185837,41.84320831,342
123.4324036,41.81552887,343
123.4460373,41.80059814,344
123.4342117,41.94113159,345
123.4586716,41.95204926,346
123.5203018,41.81267929,347
123.40979,41.80258942,348
123.4117813,41.80295181,349
123.4022598,41.79708862,350
123.386528,41.80400848,351
123.394043,41.79904938,352
123.3817978,41.79629135,353
123.4023285,41.7983017,354
123.3846817,41.79840088,355
123.4041138,41.7967186,356
123.4246597,41.84859085,357
123.4152374,41.88574982,358
123.4717484,41.79951096,359
123.4013824,41.91791916,360
123.4085617,41.92082977,361
123.4035416,41.92454147,362
123.4087524,41.92951965,363
123.4144669,41.91923904,364
123.4175568,41.84672928,365
123.4331589,41.84371185,366
123.4103012,41.92798996,367
123.4076996,41.91476059,368
123.4164734,41.86935043,369
123.4009628,41.91902924,370
123.4669266,41.78964996,371
123.4175568,41.85667038,372
123.4080276,41.91123962,373
123.4030914,41.91810608,374
123.4093399,41.91552734,375
123.4404678,41.75371933,376
123.4191513,41.75864029,377
123.4098206,41.76158142,378
123.4162903,41.74272156,379
123.4422989,41.75917816,380
123.4172592,41.75402069,381
123.3903427,41.84566116,382
123.6128006,41.91992188,383
123.5381393,41.8143692,384
123.3982391,41.85168076,385
123.3870163,41.84881973,386
123.5636902,41.82130051,387
123.6223526,41.91783142,388
123.5677872,41.93626022,389
123.393837,41.82297134,390
123.6464767,41.89081955,391
123.5413132,41.81227112,392
123.5568008,41.93996811,393
123.6201782,41.9096489,394
123.4041595,41.81858826,395
123.4135284,41.82027817,396
123.4042511,41.80353928,397
123.4064331,41.81716919,398
123.4069672,41.80120087,399
123.4061966,41.80123901,400
122.7714081,41.54814148,401
122.7269135,41.51633072,402
122.7724075,41.51464081,403
122.7772369,41.51359177,404
122.7453766,41.53580856,405
123.2509003,41.7915802,406
123.2530518,41.79824066,407
123.3481064,41.80242157,408
122.7757568,41.51927948,409
122.7719193,41.52408981,410
122.7765121,41.52312088,411
122.757019,41.51089859,412
122.7354126,41.5146904,413
122.7342606,41.51079178,414
122.9533234,41.66001892,415
123.022522,41.69903183,416
122.7325897,41.52330017,417
122.7581863,41.54389191,418
122.7690811,41.51876068,419
122.7742615,41.51811981,420
122.7933578,41.542099,421
123.29879,41.79964828,422
122.6257172,42.09761047,423
123.2036438,41.78199005,424
123.2343063,41.78770828,425
122.65802,42.1137619,426
122.7557602,41.52416992,427
122.7282715,41.52038956,428
122.7401428,41.52555847,429
122.7662811,41.52230072,430
123.3353424,41.80545044,431
122.9327164,41.5591011,432
123.3324966,41.82276917,433
123.3931732,41.80286026,434
123.4225464,41.80387115,435
123.3919601,41.81158066,436
123.4014587,41.80643845,437
123.367691,41.8111496,438
123.339653,41.81502151,439
123.4299622,41.7955513,440
123.4120865,41.78800964,441
123.4083481,41.77854156,442
123.4022293,41.78134155,443
123.3952179,41.7841301,444
123.3726807,41.79486084,445
123.3826599,41.8101387,446
123.4663086,41.80532074,447
123.4268494,41.79563141,448
123.465683,41.80266953,449
123.4678802,41.80458069,450
123.3732986,41.79420853,451
123.3718033,41.79592896,452
123.4266968,41.79343033,453
123.4287415,41.79898834,454
123.3731918,41.79338837,455
123.4746933,41.79481125,456
123.4637909,41.81052017,457
123.4489136,41.80635071,458
123.3997421,41.79064178,459
123.3417969,41.66085815,460
123.3958817,41.79579926,461
123.3952179,41.79211044,462
123.3346634,41.66479874,463
123.3343735,41.67208099,464
123.3925018,41.80960083,465
123.3776627,41.72552872,466
123.3987808,41.79122162,467
123.3495331,41.66714859,468
123.3458176,41.6639595,469
123.3471069,41.66733932,470
123.3845367,41.54256058,471
123.4329834,41.81972885,472
123.4403229,41.8205986,473
123.3993683,41.75222015,474
123.3732529,41.66904831,475
123.3904877,41.83256912,476
123.2798462,41.77922058,477
123.3995667,41.80458832,478
123.348671,41.40481186,479
123.4019547,41.74487686,480
123.4026031,41.7406311,481
123.3261337,41.80942917,482
123.2885971,41.75391006,483
123.3926086,41.83023071,484
123.3572617,41.84912109,485
123.4195023,41.79898071,486
123.3983231,41.81044006,487
123.3806305,41.54835892,488
123.4219589,41.80764008,489
123.3486404,41.66754913,490
123.2778473,41.78396988,491
123.3675079,41.79407883,492
123.4228821,41.80553818,493
123.527092,41.82112885,494
123.4197617,41.82294846,495
123.4052505,41.81732178,496
123.5230331,41.8208313,497
123.5068283,41.81856155,498
123.470108,41.80852127,499
123.4500885,41.74700928,500
123.4353333,41.7365303,501
123.4234619,41.77199936,502
123.3646774,41.8122406,503
123.4402771,41.7974205,504
123.4684219,41.80614853,505
123.4723511,41.81412125,506
123.4117813,41.72259903,507
123.4380798,41.73965836,508
123.4532776,41.81713104,509
123.3579788,41.80804825,510
123.3525925,41.81206131,511
123.4288864,41.77196121,512
123.417511,41.82001114,513
123.4104309,41.81703186,514
123.3730774,41.82954025,515
123.4166107,41.82537079,516
123.4704819,41.80458832,517
123.449791,41.80157852,518
123.4834518,41.81864166,519
123.4685211,41.82378006,520
123.4367371,41.78224945,521
123.5091095,41.80796814,522
123.5079498,41.7985611,523
123.490387,41.820961,524
123.4284592,41.73984146,525
123.4459076,41.78593826,526
123.3968506,41.8096199,527
123.3436508,41.82538986,528
123.4546127,41.83404922,529
123.3816299,41.8310318,530
123.3805008,41.82862854,531
123.4437332,41.81024933,532
123.3764114,41.79084015,533
123.3641663,41.83003998,534
123.4357605,41.77159119,535
123.4115295,41.76802826,536
123.4448166,41.74306107,537
123.3511581,41.81327057,538
123.3412704,41.81267929,539
123.3953934,41.74097061,540
123.4089737,41.76647949,541
123.5416565,41.81560898,542
123.4944763,41.79679108,543
123.5070038,41.801651,544
123.5332718,41.81359863,545
123.4569016,41.82500839,546
123.3620377,41.8315506,547
123.4431534,41.81735992,548
123.4698181,41.81048965,549
123.4393463,41.81206894,550
123.5272903,41.80955887,551
123.5448608,41.82051086,552
123.3321991,41.81190109,553
123.3837128,41.78890991,554
123.4146423,41.71826172,555
123.3437576,41.8087883,556
123.4472733,41.78739929,557
123.4159088,41.83135986,558
123.4660721,41.70196915,559
123.4584198,41.7183609,560
123.4451218,41.74671936,561
123.4349365,41.7759819,562
123.4760666,41.73958969,563
123.4115906,41.8572197,564
123.4217682,41.82440948,565
123.4475479,41.7773819,566
123.2977524,41.66146088,567
123.37603,41.67359161,568
123.396553,41.74718094,569
123.407959,41.74264908,570
123.4550171,41.72201157,571
123.449028,41.79338074,572
123.4723511,41.74560928,573
123.3238373,41.65752029,574
123.4531174,41.81481171,575
123.4225235,41.82743073,576
123.442688,41.77848816,577
123.4452286,41.80406189,578
123.4788437,41.77415848,579
123.4748535,41.7714386,580
123.4604797,41.74869919,581
123.4679565,41.7714119,582
123.3951721,41.8614006,583
123.4353027,41.78435135,584
123.3639603,41.66891861,585
123.4877014,41.74132156,586
123.4378586,41.80459976,587
123.433609,41.76819992,588
123.4176178,41.85372162,589
123.4156494,41.73472977,590
123.3636703,41.67567825,591
123.4683838,41.77368164,592
123.4025497,41.80027008,593
123.3758926,41.67221069,594
123.3321228,41.65560913,595
123.4684906,41.74798965,596
123.4093323,41.73904037,597
123.2928391,41.66016006,598
123.3960419,41.80461121,599
123.4479599,41.79677963,600
123.4568787,41.81090164,601
123.4228363,41.81243134,602
123.429451,41.83892059,603
123.4649506,41.75138092,604
123.4323502,41.79656982,605
123.3593903,41.80435944,606
123.3785324,41.80574036,607
123.4581299,41.78070831,608
123.4540863,41.68320084,609
123.468399,41.70088959,610
123.4590988,41.78776169,611
123.5081863,41.83082962,612
123.3895187,41.82957077,613
123.4769897,41.81869888,614
123.4723587,41.80609894,615
123.3981323,41.84843826,616
123.4585495,41.78227997,617
123.3683319,41.80548096,618
123.338501,41.78116989,619
123.3425217,41.79898071,620
123.3360519,41.80081177,621
123.3326492,41.78289032,622
123.3315506,41.78979111,623
123.4141312,41.89191818,624
123.3465195,41.79853058,625
123.3698502,41.80355072,626
123.4427567,41.81018066,627
123.4399872,41.81465912,628
123.4697189,41.80329132,629
123.4649277,41.80207825,630
123.441658,41.81389999,631
123.4436264,41.81367111,632
123.4405975,41.81287003,633
123.3848801,41.81599045,634
123.3780212,41.8158493,635
123.4404373,41.81866837,636
123.4610901,41.81003189,637
123.4608994,41.8087883,638
123.4673386,41.80189896,639
123.4551086,41.8017807,640
122.6752625,41.52082062,641
123.3872375,41.81021118,642
123.4683304,41.80361176,643
123.4603577,41.83380127,644
123.4764099,41.82775116,645
123.4607391,41.80451965,646
123.4279633,41.80072021,647
123.4273224,41.80459976,648
123.4267578,41.80054855,649
123.4277267,41.8098793,650
123.4046021,41.84236145,651
123.3901596,41.82489014,652
123.3876038,41.82257843,653
123.389061,41.82654953,654
123.4087219,41.85224915,655
123.4101105,41.80524063,656
123.4113922,41.83663177,657
123.400322,41.82603073,658
123.4077377,41.83958817,659
123.3857422,41.82580185,660
123.4181671,41.81634903,661
123.4169998,41.81206894,662
123.3912964,41.86468887,663
123.4173279,41.85960007,664
123.4165497,41.7883606,665
123.4212189,41.79726028,666
123.4102478,41.80656052,667
123.3893738,41.79671097,668
123.3099976,41.76716995,669
123.3428116,41.77489853,670
123.3427887,41.7762413,671
123.3592834,41.78012085,672
123.3827209,41.7816391,673
123.3452911,41.7778511,674
123.4338303,41.77341843,675
123.4180069,41.8096199,676
123.4186935,41.85626984,677
123.3141098,41.77170181,678
123.3152695,41.76459885,679
123.3244171,41.76126862,680
123.3588409,41.77991104,681
123.3504333,41.70307922,682
122.8812714,41.14147186,683
123.3921814,41.78488922,684
123.2034988,41.37300873,685
123.3225174,41.52254868,686
123.4206696,41.81819916,687
123.3902664,41.80527878,688
123.3788223,41.85937119,689
123.3797531,41.86117172,690
123.3829803,41.86631012,691
123.371933,41.87068939,692
123.3753204,41.86518097,693
123.3583832,41.85480118,694
123.3622437,41.85683823,695
123.3519974,41.84735107,696
123.3065186,41.80070877,697
123.3214493,41.81682968,698
123.3024979,41.79103851,699
123.2993927,41.79048157,700
123.3268814,41.81354141,701
123.3581696,41.85779953,702
123.3698578,41.78266144,703
123.3635864,41.7950592,704
123.3935318,41.80329132,705
123.3742676,41.79042816,706
123.3877335,41.78232956,707
123.414093,41.86331177,708
123.4874725,41.80281067,709
123.3691483,41.76670837,710
123.3694382,41.77545929,711
123.3309326,41.8152504,712
123.3336182,41.76951981,713
123.3653107,41.83895874,714
123.3633804,41.78763962,715
123.3276978,41.82641983,716
123.3736496,41.81726837,717
123.4068375,41.81980896,718
123.3657303,41.79813004,719
123.363327,41.78472137,720
123.3624802,41.85189056,721
123.3005066,41.78953934,722
123.4992218,41.84148026,723
123.4277878,41.86291122,724
123.3915329,41.83559036,725
123.3623505,41.78538895,726
123.3054276,41.7975502,727
123.4327087,41.81156921,728
123.4253082,41.83148956,729
123.4207077,41.83255005,730
123.3667068,41.76823044,731
123.3686371,41.79207993,732
123.3521576,41.77743912,733
123.3530121,41.81489944,734
123.3052216,41.78585052,735
123.3201294,41.81035995,736
123.3200912,41.81504822,737
123.3241501,41.81502914,738
123.3050613,41.79481125,739
123.4949493,41.80358887,740
123.3664474,41.77165985,741
123.3602676,41.7938385,742
123.3667831,41.80855179,743
123.3683929,41.81520844,744
123.3548279,41.8058815,745
123.4031906,41.7634201,746
123.3514862,41.77460098,747
123.3163681,41.80162048,748
123.3303223,41.80522919,749
123.3664169,41.82369995,750
123.3583298,41.76795959,751
123.3745193,41.76560974,752
123.3812103,41.76419067,753
123.3765411,41.85784912,754
123.3685074,41.85895157,755
123.4021606,41.8132515,756
123.3980179,41.80838013,757
123.34655,41.83549881,758
123.3755112,41.83227158,759
123.406662,41.82329941,760
123.405571,41.81143188,761
123.3384399,41.82661057,762
123.3653717,41.78133011,763
123.3755569,41.80070877,764
123.3680878,41.8008194,765
123.3587799,41.79177856,766
123.3435516,41.75003815,767
123.4653778,41.77112961,768
123.3239517,41.81840897,769
123.3495178,41.79727936,770
123.4566269,41.74333954,771
123.4490967,41.735569,772
122.5482101,41.48950958,773
122.3787766,41.41452026,774
123.1221008,42.17063904,775
123.435463,42.46495819,776
123.5040512,42.11447906,777
123.5488968,42.46023178,778
123.3812485,41.77801895,779
123.4161987,42.43463898,780
123.41539,42.22533035,781
123.5389099,41.97134018,782
123.3942184,41.81533051,783
123.2398911,41.7985611,784
122.7583313,41.55583954,785
123.427948,41.75685883,786
123.4183426,42.38050842,787
123.4515305,41.73387146,788
123.075119,41.71997833,789
123.2728424,41.80149841,790
123.1767197,41.7659111,791
123.0549316,41.70753098,792
123.3950882,41.80569077,793
123.4513168,41.73693848,794
123.2966919,41.84577179,795
123.2387695,41.79053116,796
123.3599625,41.78884888,797
122.3518295,41.4070282,798
123.3695297,42.21958923,799
123.3128815,41.84870911,800
122.8493805,41.590271,801
123.4281998,42.18392944,802
123.5008469,42.49478912,803
123.4083099,42.2981987,804
123.4033737,41.81044006,805
123.3891907,41.78546906,806
123.4044189,41.79558945,807
123.3475418,41.81744003,808
123.419281,41.80438995,809
123.419899,41.8031311,810
123.3410721,41.42948151,811
123.3440704,41.42744827,812
123.3291702,41.43045044,813
123.3373184,41.42816162,814
123.3190002,41.4244194,815
123.3244705,41.42053986,816
123.3288193,41.42713165,817
123.3283386,41.60313034,818
123.334343,41.42295837,819
123.3324203,41.42446899,820
123.3695297,41.48500061,821
123.318512,41.65444946,822
123.3132935,41.43418884,823
123.2855835,41.82756042,824
123.3458405,41.43550873,825
123.331337,41.4194603,826
123.3839264,41.77677155,827
123.3196106,41.50096893,828
123.3996277,41.69952011,829
123.3380585,41.41878128,830
123.3195572,41.42761993,831
123.3068008,41.71073151,832
123.3042603,41.47729874,833
123.2888489,41.75759125,834
123.409668,41.90764999,835
123.4083481,41.94533157,836
123.3730469,41.96276855,837
123.478981,41.81678009,838
123.5685425,41.82757187,839
123.57444,41.81998825,840
123.7265015,41.8460083,841
123.6695099,41.81967926,842
123.448288,41.84667969,843
123.4403915,41.8403511,844
123.416748,41.86885834,845
123.4850006,41.80775833,846
123.4786377,41.80295944,847
123.4360733,41.85910034,848
123.4197464,41.78979111,849
123.6303635,41.81452942,850
123.3842392,41.96886063,851
123.4572906,41.89468002,852
123.5252533,41.8117485,853
123.4288483,41.83182907,854
123.4145203,41.96427917,855
123.4812469,41.82017899,856
123.4552994,41.83916855,857
123.4279709,41.83919907,858
123.3941574,41.95214844,859
123.3977737,41.97365952,860
123.4793472,41.82582092,861
123.4628983,41.87137985,862
123.4505234,41.84574127,863
123.4179611,41.83930969,864
123.5259476,41.8157196,865
123.451828,41.89543152,866
123.5575104,41.82154846,867
123.4701309,41.79745865,868
123.4298477,41.8325119,869
123.479393,41.80709839,870
123.4524918,41.84672928,871
123.4035721,41.79470062,872
122.5268631,41.48015976,873
122.7141266,41.53754044,874
122.8536682,41.60065842,875
122.8280487,41.08947372,876
123.3828506,41.74765015,877
123.3046265,41.4851799,878
123.3467178,41.71820068,879
123.3870926,41.78590775,880
122.8464127,41.11033249,881
123.2538681,41.74964142,882
123.2659378,41.73374939,883
123.3727036,41.79217911,884
123.0201569,41.98868179,885
123.0454865,41.98709106,886
123.276123,41.81254959,887
123.3644714,41.82093811,888
122.746582,42.17193985,889
123.2652969,41.76211929,890
123.2765427,41.7661705,891
122.8226318,42.07941055,892
123.3002396,41.84809113,893
123.3565674,41.78981018,894
123.4430923,41.82833099,895
123.3604813,41.79650879,896
123.3602676,41.82181168,897
122.8992233,42.02447891,898
122.434967,42.31402969,899
122.746582,42.16333008,900
123.389473,41.78527069,901
123.335289,41.80847168,902
123.2653732,41.74576187,903
123.446373,41.81908035,904
123.348053,41.87060928,905
123.2706833,41.75566864,906
123.2930527,41.7713089,907
123.4146271,41.80696106,908
123.4067993,41.78911972,909
123.4711914,41.80286026,910
123.4608994,41.80097961,911
123.4015503,41.79551315,912
123.4631805,41.80300903,913
123.4576111,41.80168915,914
123.3936234,41.79470062,915
123.3974915,41.79610062,916
123.4176865,41.87929916,917
123.415657,41.88222885,918
123.4079819,41.85531998,919
123.4162598,41.87363052,920
123.4155502,41.8914299,921
123.4530334,41.83821106,922
123.4077301,41.85924911,923
123.4131165,41.89707184,924
123.4529419,41.84072113,925
123.4273376,41.86240005,926
123.4067535,41.87255859,927
123.4026108,41.87118149,928
123.4130096,41.78722,929
123.4206772,41.81034851,930
123.410881,41.88734818,931
123.4194336,41.8767395,932
123.4154205,41.87474823,933
123.4176331,41.89228821,934
123.4144821,41.85269928,935
123.3224335,41.66716003,936
123.37323,41.68706894,937
123.3903275,41.77053833,938
123.3976364,41.7807312,939
122.5496826,41.42858887,940
123.3313904,41.66542053,941
122.3507919,41.40496826,942
123.1857224,41.76622009,943
123.3330765,41.67594147,944
123.4035263,41.72520828,945
123.3776932,41.68130112,946
123.4030914,41.92230988,947
123.2710266,41.79718018,948
123.3930588,41.6848793,949
123.023201,41.69311142,950
123.2919922,41.74863052,951
123.4068832,41.81591034,952
123.32547,41.67092896,953
123.3796463,41.86771011,954
123.4096832,41.87221909,955
123.5196075,42.05783844,956
123.5350113,41.99272919,957
123.4523087,41.78773117,958
123.4993668,42.20933914,959
123.3951416,41.8699913,960
123.4512634,41.78760147,961
123.5169373,42.03834915,962
123.448822,41.78836823,963
123.4618225,41.82878113,964
123.5402374,41.98572159,965
123.4101715,41.83824921,966
123.4012222,41.85905838,967
123.5242615,42.15690994,968
123.4802933,41.88142014,969
123.3726501,41.86489105,970
123.4596024,41.79330063,971
123.4843903,41.87826157,972
123.3443604,41.65753174,973
123.3312683,41.65755081,974
123.3318634,41.65655136,975
123.3468475,41.65766144,976
123.3428116,41.68109131,977
123.3383789,41.65644836,978
123.3279877,41.6520195,979
123.3482819,41.66563034,980
123.3453903,41.6604805,981
123.4007492,41.77653122,982
123.3662796,41.68146133,983
123.4005966,41.79119873,984
123.3639832,41.79962921,985
123.5816879,41.90238953,986
123.5275421,41.88887024,987
123.5231323,41.87916946,988
123.4805679,41.74568176,989
123.4889679,41.84614182,990
123.5079422,41.84804916,991
123.4428329,41.76472855,992
123.447731,41.75479889,993
123.9740524,42.02228928,994
123.4651871,41.7434082,995
123.5714417,41.90039825,996
123.5322495,41.89381027,997
123.4467316,41.75654984,998
123.4660263,41.74692154,999
123.4748001,41.85063171,1000
123.5571594,41.90639877,1001
123.5696487,41.90404892,1002
123.4576035,41.74568176,1003
123.3355789,41.79264832,1004
123.4393387,41.82339096,1005
123.399147,41.78390121,1006
123.4099121,41.77733994,1007
123.4101486,41.77920151,1008
123.4201508,41.78403091,1009
123.401413,41.78541946,1010
123.3630905,41.78102875,1011
123.3822708,41.78503036,1012
123.4123306,41.77627945,1013
123.3363037,41.7909584,1014
123.383522,41.78630829,1015
123.3229599,41.79343033,1016
123.4105377,41.78121948,1017
123.412262,41.78229904,1018
123.4229126,41.786129,1019
123.3778,41.78583145,1020
123.3817215,41.78807831,1021
123.3842926,41.80939865,1022
123.3984833,41.79013824,1023
123.4243088,41.79365158,1024
123.3805313,41.82492828,1025
123.3915863,41.85586929,1026
123.3929214,41.85562134,1027
123.3915634,41.85456085,1028
123.3903885,41.85961151,1029
123.3759003,41.82857132,1030
123.3514404,41.83649826,1031
123.4045105,41.82040024,1032
123.3974915,41.82318878,1033
123.384758,41.84777069,1034
123.3975983,41.85319138,1035
123.3844376,41.8519783,1036
123.3717117,41.85139084,1037
123.4122696,41.85971069,1038
123.3786621,41.84878159,1039
123.3901825,41.85216141,1040
123.3943405,41.85129929,1041
123.3832474,41.87324142,1042
123.3824615,41.8199501,1043
123.3890076,41.81945038,1044
123.3798065,41.81364059,1045
123.3872528,41.81927109,1046
123.3925705,41.82117844,1047
123.4078827,41.79407883,1048
123.3706284,41.81869888,1049
123.4143066,41.80271912,1050
123.4190521,41.80044937,1051
123.4162979,41.81106186,1052
123.35466,41.79874039,1053
123.3356934,41.78720856,1054
123.3396072,41.78351974,1055
123.3412094,41.77822876,1056
123.424881,41.8098793,1057
123.356308,41.80183029,1058
123.3355789,41.77890015,1059
123.3815765,41.8060112,1060
123.3468018,41.77865982,1061
123.4142914,41.83049011,1062
123.4227829,41.83375931,1063
123.4253387,41.82685852,1064
123.3898087,41.81626892,1065
123.406723,41.59967041,1066
123.391777,41.81332016,1067
123.3938675,41.7949791,1068
123.3748779,41.53720856,1069
123.3885117,41.79193878,1070
123.390831,41.79349899,1071
123.4371109,41.78726959,1072
123.4056168,41.7779808,1073
123.4073486,41.77185059,1074
123.4065475,41.76696014,1075
123.4284363,41.74959183,1076
123.4349136,41.77650833,1077
123.4223099,41.76044083,1078
123.401123,41.79531097,1079
123.396347,41.78680038,1080
123.4236908,41.76475143,1081
123.3956909,41.79013824,1082
122.3643799,41.76124954,1083
123.3862381,41.79428101,1084
123.4014435,41.77611923,1085
123.4176025,41.76934052,1086
123.4379883,41.74845123,1087
123.2430496,41.89614868,1088
122.7210464,41.95203018,1089
123.4160767,41.76543045,1090
123.4205017,41.76383972,1091
123.4364929,41.77851868,1092
123.4193573,41.80213165,1093
123.4059067,41.82046127,1094
123.4063873,41.820961,1095
123.4019089,41.82228088,1096
123.3981628,41.82403183,1097
123.4215469,41.78831863,1098
123.4222107,41.79520035,1099
123.4210892,41.78676987,1100
122.8337021,41.99782181,1101
122.8348236,41.99364853,1102
123.398819,41.78681183,1103
122.8413925,41.99573898,1104
122.8420715,41.99190903,1105
123.3370667,41.81966019,1106
123.3978271,41.78614044,1107
123.3968201,41.78499985,1108
123.399498,41.78633118,1109
123.3966522,41.78865051,1110
122.8467484,42.00730133,1111
123.0781479,41.91104126,1112
123.3154373,41.8416481,1113
123.3928833,41.78121185,1114
122.8334885,42.00144958,1115
122.8334122,41.99530029,1116
123.0857162,41.91783142,1117
123.1963196,41.87314987,1118
123.3230209,41.83715057,1119
122.8297577,41.9962883,1120
123.1880798,41.76995087,1121
123.4462967,41.78776169,1122
123.4475174,41.79740906,1123
123.4195175,41.78929138,1124
123.3714981,41.79351044,1125
123.4332504,41.79335022,1126
123.4143677,41.78839874,1127
123.3960114,41.76916122,1128
123.3802185,41.79629135,1129
123.3594437,41.77828979,1130
123.4060516,41.78458023,1131
123.3965378,41.79389954,1132
123.4448318,41.79784012,1133
123.4526978,41.80102158,1134
123.442627,41.7968483,1135
123.4541626,41.80236816,1136
123.4448929,41.801651,1137
123.3941116,41.80776978,1138
123.4013367,41.80797958,1139
123.396843,41.87870026,1140
123.397644,41.87636185,1141
123.3985977,41.85520172,1142
123.3988571,41.84561157,1143
123.3987274,41.83946991,1144
123.4073563,41.7774086,1145
123.4088593,41.77762985,1146
123.4343491,41.77696991,1147
123.4342422,41.77711868,1148
123.7813492,41.39994049,1149
123.6984711,41.50016022,1150
123.4321976,41.77729034,1151
123.4253922,41.79629898,1152
123.4082794,41.77658844,1153
123.6249313,42.05653,1154
123.6150436,42.01436996,1155
123.4978867,41.90404129,1156
123.7174835,42.19345093,1157
123.4454803,41.83298111,1158
123.4402313,41.83263016,1159
123.6563416,42.10845184,1160
123.6279831,42.04777145,1161
123.6374588,42.06903839,1162
123.6206512,42.02434921,1163
123.5963287,41.96289825,1164
123.5743866,41.91397858,1165
123.7081604,42.18304062,1166
123.4840012,41.89785004,1167
123.2017288,41.71818924,1168
123.2838364,41.76004028,1169
123.3370285,41.77954865,1170
123.1545181,41.69551086,1171
123.2160034,41.71017838,1172
123.2857819,41.76367188,1173
123.3824234,41.81240845,1174
123.3772736,41.86899948,1175
122.8400497,41.60472107,1176
123.3867416,41.85422134,1177
123.4263763,41.90893936,1178
123.3762512,41.83967972,1179
123.3945389,41.82746124,1180
123.3863525,41.85971832,1181
123.3824997,41.85578918,1182
123.3837967,41.80358124,1183
123.4201736,41.80741119,1184
123.398613,41.73863983,1185
123.3898392,41.80075073,1186
123.4431763,41.80604172,1187
123.4578171,41.79201126,1188
123.3915787,41.80102158,1189
122.5874863,41.49055862,1190
122.4196472,41.39508057,1191
122.4152832,41.42382813,1192
123.2769623,41.79283142,1193
123.4052582,41.76921844,1194
123.4334717,41.80762863,1195
123.4200363,41.77246094,1196
123.4206314,41.77333832,1197
122.6453094,41.50831985,1198
122.8392563,41.57275009,1199
122.5184174,41.46577835,1200
123.4336624,41.80892181,1201
123.2914124,41.79673004,1202
122.4341507,41.4311409,1203
122.9904327,41.67195892,1204
123.1976089,41.76462173,1205
123.156723,41.75040054,1206
123.1672897,41.76432037,1207
123.2181168,41.78538895,1208
123.4105377,41.77233124,1209
123.0693588,41.71731949,1210
123.4596024,41.80141068,1211
123.4591217,41.80324173,1212
123.439003,41.88740921,1213
123.4289474,41.88792038,1214
123.4725494,41.7972908,1215
123.4286728,41.77970123,1216
123.4191208,41.72761154,1217
123.4671783,41.73907852,1218
123.5344696,41.75907135,1219
123.3318024,41.7969017,1220
123.4211426,41.87368011,1221
123.4311981,41.77828979,1222
123.4573898,41.83285141,1223
123.3918686,41.71324921,1224
123.4027786,41.77338028,1225
123.416893,41.88285065,1226
123.4272537,41.88264847,1227
123.4930496,41.8103981,1228
123.435997,41.89133835,1229
123.4023819,41.91941833,1230
123.4010696,41.92132187,1231
123.4301224,41.89289856,1232
123.4265137,41.76845932,1233
123.4715424,41.79465103,1234
123.410408,41.84408951,1235
123.408577,41.8121109,1236
123.3761292,41.76623917,1237
123.4135666,41.82630157,1238
123.3952103,41.7324791,1239
123.3919373,41.72935104,1240
123.7475815,41.43323898,1241
123.7278976,41.46519852,1242
123.4654388,41.71445847,1243
123.4605713,41.8141098,1244
123.4595413,41.81719971,1245
123.4625397,41.80088043,1246
123.4266891,41.83444977,1247
123.3976288,41.87464142,1248
123.402832,41.88272858,1249
123.4061737,41.83095169,1250
123.4256592,41.82775879,1251
123.4409027,41.80662155,1252
123.275528,41.75814056,1253
123.2815781,41.75798035,1254
123.375473,41.78802109,1255
123.3723373,41.78535843,1256
123.316597,41.76611328,1257
123.3570938,41.83414078,1258
123.3599625,41.83293915,1259
123.3556976,41.83386993,1260
123.3834686,41.82920456,1261
123.4002914,41.8290596,1262
123.380722,41.80303955,1263
123.3794479,41.80091095,1264
123.3667297,41.79542923,1265
123.4358063,41.82077026,1266
123.4013596,41.81610107,1267
123.3410873,41.80221176,1268
123.3896103,41.78142929,1269
123.378067,41.83440018,1270
123.3731995,41.82484818,1271
123.3720779,41.82276917,1272
123.4935074,41.8395195,1273
123.3350372,41.80302811,1274
123.3412476,41.78841019,1275
123.3784103,41.78406906,1276
123.3780518,41.78899002,1277
123.4355392,41.83058929,1278
123.3575592,41.81301117,1279
123.2973709,41.7734108,1280
123.3349609,41.79600906,1281
123.3421097,41.78033066,1282
123.379837,41.83905029,1283
123.3435593,41.7845192,1284
123.3622818,41.80791092,1285
123.3373718,41.83132935,1286
123.3644791,41.7935791,1287
123.3772964,41.78836823,1288
123.4209595,41.78144836,1289
123.452507,41.78591919,1290
123.4543076,41.78451157,1291
123.4570999,41.78989029,1292
123.5307312,41.74654007,1293
123.4535294,41.78924179,1294
123.4610367,41.78752899,1295
123.5130081,41.74718094,1296
123.5116196,41.74945831,1297
123.4738388,41.76929092,1298
123.4562531,41.78660965,1299
123.4045029,41.76560974,1300
123.4140396,41.79716873,1301
123.3991394,41.7686882,1302
123.4200363,41.77737045,1303
123.4105988,41.8341217,1304
123.4159698,41.7686615,1305
123.4041519,41.65242004,1306
123.4168015,41.77732849,1307
123.4134979,41.78467178,1308
123.4072418,41.6687088,1309
123.2502594,41.39519119,1310
123.2049103,41.36706161,1311
122.8225937,41.08805847,1312
123.3117065,41.68284988,1313
122.8650894,41.12710953,1314
123.312912,41.6319313,1315
123.3226318,41.41409683,1316
123.3981628,41.81435013,1317
123.4050217,41.81324005,1318
123.3611298,41.85953903,1319
123.4026794,41.78025055,1320
123.3970108,41.78289032,1321
123.1911697,41.68534088,1322
123.3990936,41.78593063,1323
123.4945068,41.63238144,1324
123.4925919,41.63954163,1325
123.4959869,41.63759995,1326
123.4642105,41.72201157,1327
123.4856567,41.80027008,1328
123.560173,41.58811188,1329
123.174057,41.74967957,1330
123.1757584,41.75733185,1331
123.1894608,41.78302002,1332
123.1947632,41.79299164,1333
123.1649933,41.7436409,1334
123.0617218,41.92488098,1335
122.9704895,41.99243164,1336
123.0349503,41.96205902,1337
123.0257492,41.95175934,1338
123.2902298,41.76979828,1339
123.1096497,41.91384888,1340
123.4838562,41.80891037,1341
123.0633774,41.91463089,1342
123.2398529,41.7648201,1343
123.1681519,41.75511169,1344
123.5727615,41.86511993,1345
123.2182083,41.85871124,1346
122.995697,41.97851181,1347
123.1914215,41.82538986,1348
123.1989288,41.83605957,1349
123.2273483,41.76507187,1350
123.1874008,41.77779007,1351
123.1847229,41.75967026,1352
122.9729919,41.97909927,1353
123.4603119,41.83588028,1354
123.7700577,41.85163116,1355
123.1221466,41.9006691,1356
123.4085693,41.81219864,1357
123.4117737,41.83089066,1358
123.399498,41.86359024,1359
123.4011383,41.86730957,1360
123.4078064,41.81684113,1361
123.4002914,41.81436157,1362
123.3798523,41.79164886,1363
123.3947525,41.78841019,1364
123.3844299,41.78950119,1365
123.3926926,41.78757095,1366
123.4081726,41.82555008,1367
123.3906479,41.79708099,1368
123.3309097,41.75085831,1369
123.3856277,41.79330826,1370
123.2803268,41.77149963,1371
123.3315277,41.75074768,1372
123.3843079,41.79750061,1373
123.4146729,41.79859161,1374
123.4434891,41.77080917,1375
123.3551483,41.7903595,1376
123.4017715,41.79084015,1377
123.4284592,41.79241943,1378
123.4421921,41.81624985,1379
123.3591003,41.82505035,1380
122.8448792,42.10118103,1381
123.4085464,41.85081863,1382
123.4095688,41.84809113,1383
122.6164703,41.50244141,1384
123.2591095,41.79880905,1385
123.3538589,41.82863998,1386
123.6372833,42.08224106,1387
122.4053802,41.43859863,1388
123.0826111,41.74084854,1389
123.3345413,41.93780136,1390
123.4050293,41.82711029,1391
123.3567581,41.79560852,1392
123.5239487,41.95082092,1393
123.4398422,41.92658997,1394
123.4244995,41.93050003,1395
123.3733826,41.89693832,1396
123.5192719,42.05313873,1397
123.5416031,41.99060059,1398
123.5131226,41.93125916,1399
123.4102173,41.90472031,1400
123.5224533,41.8367691,1401
123.5194092,41.83227921,1402
123.4775467,41.82323074,1403
123.4883118,41.77846146,1404
123.4880219,41.77632904,1405
123.4885406,41.78684998,1406
123.53582,41.80881119,1407
123.4841766,41.79494095,1408
123.4865036,41.79244995,1409
123.4849701,41.79727936,1410
123.3603134,41.82818985,1411
123.3608322,41.82999039,1412
123.4050674,41.78152847,1413
123.4996414,41.79658127,1414
123.3232727,41.78615189,1415
123.3789597,41.81676865,1416
123.3932419,41.72365189,1417
123.5339584,41.81151962,1418
123.4450302,41.82173157,1419
123.3271637,41.79367065,1420
123.3757095,41.72140121,1421
123.4004211,41.73582077,1422
123.3805923,41.76539993,1423
123.4857407,41.81367874,1424
123.4784317,41.86637115,1425
123.4439392,41.84608841,1426
123.5213699,41.79666901,1427
123.536293,41.8035202,1428
123.4259415,41.8384285,1429
123.4704437,41.85153961,1430
123.5472031,41.83459091,1431
123.4867172,41.78878021,1432
123.5008087,41.82516861,1433
123.3997192,41.83259964,1434
123.4827881,41.79800034,1435
123.448967,41.83317184,1436
123.4887466,41.80942154,1437
123.326973,41.80062103,1438
123.3859406,41.77843094,1439
123.5581665,41.83324051,1440
123.4290619,41.81391907,1441
123.4542313,41.85258102,1442
123.3933487,41.75432968,1443
123.5048904,41.81439972,1444
123.3506165,41.69427109,1445
123.4780579,41.79174042,1446
123.4836197,41.79064178,1447
124.0002823,41.82408905,1448
123.4799881,41.78993988,1449
123.4888077,41.80838013,1450
123.517189,41.82310104,1451
122.8089294,41.97360992,1452
123.298233,41.80202866,1453
123.3479233,41.77624893,1454
123.3826523,41.76054001,1455
123.4207764,41.96635818,1456
123.4892731,41.95643997,1457
123.4844284,41.83274078,1458
123.3862076,41.76128006,1459
123.4832001,41.80435944,1460
123.3990021,41.82394028,1461
123.4712219,41.81256866,1462
123.4448013,41.75909042,1463
123.5009918,41.9106102,1464
123.4777603,41.81346893,1465
123.4620132,41.82012939,1466
123.4541168,41.78121185,1467
123.4813385,41.81483841,1468
123.4527588,41.81269836,1469
123.464241,41.83036041,1470
123.4741898,41.93268967,1471
123.4740524,41.78197098,1472
123.5097198,41.91622925,1473
123.3834534,41.76187134,1474
123.4606094,41.93252182,1475
123.4537811,41.92697906,1476
123.5331573,41.9557991,1477
123.3807983,41.76052094,1478
123.4299774,41.9159317,1479
123.4540329,41.81116867,1480
123.4564896,41.77801895,1481
123.4059525,41.74779129,1482
123.4234695,41.9515419,1483
123.4576874,41.81248856,1484
123.4181976,41.78514862,1485
123.4601822,41.76900864,1486
123.4865189,41.76546097,1487
123.4345932,41.84080887,1488
123.4927902,41.76731873,1489
123.4255371,41.79740906,1490
123.4401321,41.8445015,1491
123.4292297,41.82844925,1492
123.3564911,41.83140182,1493
123.3446426,41.84793091,1494
123.4565811,41.83620071,1495
123.3373032,41.81529999,1496
123.4787369,41.76787949,1497
123.4380798,41.80821991,1498
123.4684906,41.80823898,1499
123.4570236,41.81523895,1500
123.4568176,41.84360886,1501
123.4013138,41.81848907,1502
123.3602371,41.81932068,1503
123.4623795,41.76931,1504
123.3724976,41.78850174,1505
123.3637085,41.83184814,1506
123.4925919,41.76272964,1507
123.4281921,41.83473969,1508
123.4770584,41.79795837,1509
123.348259,41.83964539,1510
123.4275436,41.82329178,1511
123.4298019,41.83063889,1512
123.3641815,41.82735825,1513
123.4076385,41.7480011,1514
123.4809418,41.76776886,1515
123.4739609,41.80022812,1516
123.4064636,41.87612915,1517
123.3675995,41.8309288,1518
