imsi,longitude,latitude,newPlot,start,end
460000095005561145,122.8923828,41.51546783,106.0,1538559097549.0,1538563007506.0
460000095005561145,122.89500728,41.51777573,108.0,1538565120612.0,1538573050048.0
460000095005561145,123.40975571,41.80703544,667.0,1538576649640.0,1538582145592.0
460000095005565778,123.40338897,41.65925344,116.0,1538530876482.0,1538530947516.0
460000095005565778,123.39672854,41.79103852,1082.0,1538532096839.0,1538533382375.0
460000095005565778,123.4115295,41.76802826,536.0,1538535679885.0,1538538602445.0
460000095005565778,123.41263957,41.76818657,536.0,1538550213088.0,1538550837253.0
460000095005565778,123.4115295,41.76802826,536.0,1538553637325.0,1538555189316.0
460000095005565778,123.41254933,41.77795029,1013.0,1538572798142.0,1538573184897.0
460000095005565778,123.41342547,41.80504227,10.0,1538573556091.0,1538574860376.0
460000095005565778,123.4091475,41.80627187,64.0,1538576909867.0,1538580045696.0
460000095005571676,123.41535356,41.81207361,62.0,1538496132709.0,1538511443546.0
460000095005571676,123.41712406,41.81531988,661.0,1538533573368.0,1538541248434.0
460000095005571676,123.41687717,41.82067685,513.0,1538546208932.0,1538565354415.0
460000095005571676,123.4166718,41.8102417,13.0,1538568040415.0,1538572031681.0
460000095005571676,123.41422884,41.80623296,908.0,1538574105291.0,1538581742306.0
460000095007329090,123.4149551,41.8084507,0.0,1538498482636.0,1538498982010.0
460000095007329090,123.43677773,41.80478223,587.0,1538523400725.0,1538531693114.0
460000095007329090,123.42663682,41.81153815,12.0,1538564226001.0,1538571972888.0
460000095007329090,123.4139404,41.80912018,908.0,1538575066000.0,1538576395802.0
460000095007329090,123.41565853,41.80747299,0.0,1538578553370.0,1538581892720.0
460000095007687263,123.3987732,41.65663147,116.0,1538513053759.0,1538518333791.0
460000095007687263,123.3987732,41.65663147,116.0,1538529721771.0,1538530880957.0
460000095007687263,123.3987732,41.65663147,116.0,1538546286389.0,1538547092383.0
460000095007687263,123.4026993,41.73928375,481.0,1538547748963.0,1538548442424.0
460000095007687263,123.29924319,41.79404984,115.0,1538560110761.0,1538568458237.0
460000095007687263,123.40919499,41.80872073,43.0,1538570214081.0,1538573750756.0
460000095007687263,123.40889299,41.80861314,43.0,1538575925651.0,1538580130279.0
460000095007687263,123.39951323,41.77681224,982.0,1538580602334.0,1538580985858.0
460000095009768355,123.41305098,41.80240017,1050.0,1538535351406.0,1538546286489.0
460000095009768355,123.40034102,41.80023002,112.0,1538549244409.0,1538549634666.0
460000095009768355,123.31398557,41.76725442,289.0,1538550751462.0,1538552941638.0
460000095009768355,123.35733564,41.77844887,681.0,1538553748413.0,1538559412209.0
460000095009768355,123.41291198,41.80877152,56.0,1538561055483.0,1538561519458.0
460000095009824436,123.39672788,41.81747341,783.0,1538528685325.0,1538532605177.0
460000095009824436,123.41574857,41.80937576,13.0,1538537068922.0,1538537167960.0
460000095009824436,123.4159698,41.80778122,0.0,1538545242206.0,1538551880905.0
460000095009824436,123.4159698,41.80778122,0.0,1538558441544.0,1538559027790.0
460000095009824436,123.4159698,41.80778122,0.0,1538560970802.0,1538562776927.0
460000095009824436,123.4159698,41.80778122,0.0,1538566733378.0,1538571462098.0
460000095018240151,123.4136581,41.81689835,58.0,1538496541741.0,1538503531199.0
460000095018240151,123.3992013,41.80226046,478.0,1538507283474.0,1538549064428.0
460000095018240151,123.37822416,41.80477447,607.0,1538549577732.0,1538549893157.0
460000095018240151,123.41916083,41.81161117,332.0,1538550518767.0,1538551055625.0
460000095018240151,123.41797067,41.81181526,662.0,1538554247105.0,1538554798460.0
460000095018240151,123.41408863,41.8159474,58.0,1538560651989.0,1538564904876.0
460000095018240151,123.41420605,41.81568805,58.0,1538575577005.0,1538582086395.0
460000095040541608,123.39118295,41.8093845,465.0,1538513166635.0,1538520377638.0
460000095040591270,123.39916225,41.81407547,1317.0,1538496064006.0,1538496778875.0
460000095040591270,123.4021606,41.8132515,756.0,1538531323356.0,1538531702196.0
460000095040591270,123.40467453,41.81362088,1318.0,1538533531174.0,1538535044263.0
460000095040591270,123.3128815,41.84870911,800.0,1538537309575.0,1538538318523.0
460000095040591270,123.3128815,41.84870911,800.0,1538541077967.0,1538554913735.0
460000095040591270,123.41050572,41.81073608,6.0,1538558875529.0,1538559492220.0
460000095040591270,123.4021606,41.8132515,756.0,1538578429855.0,1538582129208.0
460000095057074060,123.4362564,41.81409836,95.0,1538502565525.0,1538502630252.0
460000095057074060,123.4378876,41.81556091,92.0,1538521151923.0,1538522513645.0
460000095057074060,123.44041336,41.81366621,633.0,1538524394905.0,1538525724336.0
460000095060523239,123.39301219,41.81896993,1047.0,1538496060368.0,1538497904955.0
460000095060523239,123.36777258,41.85742378,755.0,1538498113700.0,1538499032263.0
460000095060523239,123.31312913,41.80391157,748.0,1538499150120.0,1538503072909.0
460000095060523239,123.3007235,41.79072026,722.0,1538547944340.0,1538550438278.0
460000095060523239,123.3743463,41.79761488,258.0,1538553307999.0,1538558630063.0
460000095060523239,123.4222285,41.83087285,730.0,1538562178391.0,1538563316849.0
460000095060523239,123.41973623,41.86194102,664.0,1538563953852.0,1538564091939.0
460000095060523239,123.35453704,41.79200623,1376.0,1538568466396.0,1538574424972.0
460000095060523239,123.34235128,41.77503967,670.0,1538574959109.0,1538576081781.0
460000095060523239,123.38509704,41.8140332,634.0,1538576609516.0,1538579732575.0
460000095060523239,123.35763968,41.84169631,485.0,1538580194386.0,1538581183935.0
460000095060523239,123.35587567,41.79995346,1053.0,1538581612001.0,1538581703096.0
460000095060523239,123.36157988,41.76819382,271.0,1538581950181.0,1538582128694.0
460000095062189004,123.41287401,41.80635537,10.0,1538497475589.0,1538499288857.0
460000095062225863,123.49826812,41.63830414,1326.0,1538564046113.0,1538565753126.0
460000095062225863,123.39721832,41.7794426,119.0,1538567097483.0,1538567408524.0
460000095062225863,123.4087296,41.80886078,43.0,1538570900057.0,1538572592152.0
460000095062225863,123.40872706,41.80858527,43.0,1538575470052.0,1538577409767.0
460000095062225863,123.40165489,41.78187343,274.0,1538579081759.0,1538580142824.0
460000095063856923,123.4176331,41.89228821,934.0,1538496738755.0,1538496894574.0
460000095063856923,123.4176331,41.89228821,934.0,1538498894468.0,1538508280634.0
460000095063856923,123.42206003,41.82771779,576.0,1538509641225.0,1538510254330.0
460000095063856923,123.4225235,41.82743073,576.0,1538523923520.0,1538526932702.0
460000095063856923,123.4225235,41.82743073,576.0,1538531289916.0,1538534011262.0
460000095063856923,123.4225235,41.82743073,576.0,1538536539204.0,1538539576646.0
460000095063856923,123.4225235,41.82743073,576.0,1538544960310.0,1538548074527.0
460000095063856923,123.4225235,41.82743073,576.0,1538556950090.0,1538559867200.0
460000095063856923,123.42315064,41.82749634,576.0,1538569159991.0,1538570287562.0
460000095063856923,123.41854652,41.8201672,513.0,1538578600561.0,1538581726441.0
460000095063881983,123.41720073,41.80437596,253.0,1538576788630.0,1538577926665.0
460000095063979850,123.35905457,41.76764679,751.0,1538532601870.0,1538532974078.0
460000095063979850,123.17385552,41.75098926,1330.0,1538534052062.0,1538544080619.0
460000095063979850,123.1905416,41.78460058,1332.0,1538544245548.0,1538544480284.0
460000095063979850,123.21293832,41.87049961,146.0,1538544958417.0,1538545180924.0
460000095063979850,123.0625496,41.91975593,1342.0,1538545525862.0,1538546219780.0
460000095063979850,122.9801432,41.98112551,1353.0,1538546697182.0,1538548684621.0
460000095063979850,123.01753025,41.95758403,152.0,1538546949114.0,1538549030137.0
460000095063979850,123.11381533,41.90945562,1340.0,1538549979615.0,1538550192489.0
460000095063979850,123.2182083,41.85871124,1346.0,1538554840859.0,1538554876666.0
460000095063979850,123.34109882,41.82682418,762.0,1538556149635.0,1538556338979.0
460000095063979850,123.48572858,41.80051748,1328.0,1538557501395.0,1538582170083.0
460000095064919090,123.42692567,41.7850736,187.0,1538547760054.0,1538548047904.0
460000095064919090,123.40951918,41.7921702,52.0,1538566975395.0,1538576364360.0
460000095064990351,123.4008865,41.80546951,60.0,1538522624162.0,1538523384001.0
460000095064990351,123.40498809,41.83195053,1250.0,1538524341648.0,1538539475785.0
460000095064990351,123.40776709,41.81579857,952.0,1538549532735.0,1538556749593.0
460000095071779102,123.4142914,41.83049011,1062.0,1538496921424.0,1538498634686.0
460000095071779102,123.4142914,41.83049011,1062.0,1538502396826.0,1538502655110.0
460000095071779102,123.4142914,41.83049011,1062.0,1538510670934.0,1538515309899.0
460000095071779102,123.4142914,41.83049011,1062.0,1538521305850.0,1538524892510.0
460000095071779102,123.4142914,41.83049011,1062.0,1538531089046.0,1538533958751.0
460000095071779102,123.4142914,41.83049011,1062.0,1538537198395.0,1538542466416.0
460000095071779102,123.41266823,41.82351843,68.0,1538544276098.0,1538545757638.0
460000095071779102,123.41333466,41.82551269,75.0,1538552252804.0,1538555774957.0
460000095071779102,123.42334557,41.82029438,79.0,1538558319553.0,1538558718974.0
460000095071779102,123.41011431,41.81117707,1236.0,1538563629312.0,1538568406569.0
460000095071779102,123.4133682,41.81906128,80.0,1538570471471.0,1538573127822.0
460000095071779102,123.4142914,41.83049011,1062.0,1538575389801.0,1538577761600.0
460000095073912558,123.40770723,41.8197492,718.0,1538504387711.0,1538504973975.0
460000095073912558,123.4068375,41.81980896,718.0,1538507331530.0,1538515544071.0
460000095073912558,123.40628161,41.82062476,1095.0,1538544085288.0,1538546728205.0
460000095073912558,123.4024778,41.82126944,1096.0,1538548767903.0,1538551039938.0
460000095073912558,123.41384987,41.8034517,1050.0,1538561132656.0,1538570771474.0
460000095073912558,123.40857697,41.81968943,76.0,1538580237735.0,1538582098436.0
460000095074423059,123.45035555,41.78038788,15.0,1538530470719.0,1538530695045.0
460000095074423059,123.43530017,41.75897726,16.0,1538531106428.0,1538531215510.0
460000095074423059,123.34024659,41.53269119,20.0,1538533013180.0,1538536262647.0
460000095074423059,123.3423411,41.53649394,19.0,1538539081586.0,1538541150874.0
460000095074423059,123.33780927,41.52124023,34.0,1538542960646.0,1538548532751.0
460000095074423059,123.33847615,41.54076672,20.0,1538555897945.0,1538558536222.0
460000095074423059,123.44739056,41.7792449,566.0,1538561119962.0,1538562013833.0
460000095074424637,123.40733611,41.79248683,48.0,1538522125865.0,1538565180125.0
460000095074424637,123.37242637,41.8044103,54.0,1538567609007.0,1538568060885.0
460000095074465569,123.42208292,41.80343747,435.0,1538496342343.0,1538501179477.0
460000095074465569,123.45333861,41.78654194,1290.0,1538517301369.0,1538522418161.0
460000095074465569,123.45205478,41.78653093,1290.0,1538525929328.0,1538530450645.0
460000095074465569,123.452507,41.78591919,1290.0,1538532289358.0,1538546161484.0
460000095074465569,123.452507,41.78591919,1290.0,1538548233672.0,1538548991101.0
460000095074465569,123.45336289,41.78626078,1290.0,1538551051285.0,1538555827769.0
460000095074465569,123.52630042,41.74670029,1293.0,1538571561035.0,1538572966352.0
460000095074467156,123.500497,41.84814562,723.0,1538525172945.0,1538525755835.0
460000095074467156,123.57648636,41.90279812,986.0,1538526695239.0,1538528932776.0
460000095074467156,123.5816879,41.90238953,986.0,1538533570270.0,1538537655144.0
460000095074467156,123.5816879,41.90238953,986.0,1538540170796.0,1538544670024.0
460000095074467156,123.5816879,41.90238953,986.0,1538546580058.0,1538548724692.0
460000095074467156,123.45618567,41.74982643,1003.0,1538559821358.0,1538561302970.0
460000095074467156,123.4186271,41.80186789,1093.0,1538570346441.0,1538572283044.0
460000095074467156,123.45940954,41.75225483,581.0,1538572553075.0,1538574494310.0
460000095074476402,123.40998294,41.80935979,43.0,1538496117745.0,1538506083686.0
460000095074476402,123.4133148,41.80784734,56.0,1538527943538.0,1538528594472.0
460000095074476402,123.41309255,41.81491369,55.0,1538540887019.0,1538547246417.0
460000095074476402,123.41169822,41.81262915,59.0,1538552308802.0,1538563142444.0
460000095074476402,123.41295623,41.80968303,6.0,1538573640881.0,1538582142330.0
460000095079109575,123.4208603,41.81906128,317.0,1538496392487.0,1538499765875.0
460000095079109575,123.4208603,41.81906128,317.0,1538501948575.0,1538503133426.0
460000095079109575,123.4208603,41.81906128,317.0,1538506911486.0,1538512561140.0
460000095079109575,123.4208603,41.81906128,317.0,1538514610640.0,1538519754967.0
460000095079109575,123.42083306,41.81893812,317.0,1538521581546.0,1538525787525.0
460000095079109575,123.40654375,41.80113316,400.0,1538528566519.0,1538531832056.0
460000095079109575,123.3504333,41.70307922,682.0,1538533885010.0,1538539272606.0
460000095079109575,123.32741547,41.52333959,686.0,1538540451471.0,1538540503047.0
460000095080923032,123.41030624,41.78654405,441.0,1538496406647.0,1538500866062.0
460000095080923032,123.40442999,41.76548809,1300.0,1538503030694.0,1538508754235.0
460000095080923032,123.4045029,41.76560974,1300.0,1538512278043.0,1538518235921.0
460000095080923032,123.4045029,41.76560974,1300.0,1538529640906.0,1538536420137.0
460000095080923032,123.4023323,41.76748657,1300.0,1538538270865.0,1538538919900.0
460000095080923032,123.40432314,41.82591163,1391.0,1538539824430.0,1538546949352.0
460000095080923032,123.40727997,41.83174419,1250.0,1538548853948.0,1538551282184.0
460000095080923032,123.44110107,41.80057271,7.0,1538572292115.0,1538572980951.0
460000095080923032,123.4045029,41.76560974,1300.0,1538578020055.0,1538579230672.0
460000095080958864,123.4273224,41.80459976,648.0,1538533108125.0,1538533250125.0
460000095080958864,123.4273224,41.80459976,648.0,1538542777289.0,1538543850140.0
460000095080958864,123.4273224,41.80459976,648.0,1538546025098.0,1538548488140.0
460000095080958864,123.4272709,41.80211067,647.0,1538552501341.0,1538554603141.0
460000095080958864,123.42760277,41.80296707,648.0,1538557569875.0,1538559189236.0
460000095080958864,123.40754088,41.85237046,655.0,1538559798225.0,1538560642577.0
460000095080958864,123.40650255,41.83991089,659.0,1538568325667.0,1538572921796.0
460000095080958864,123.3965815,41.8190103,61.0,1538576552739.0,1538578298094.0
460000095080968055,123.39201355,41.8497014,1041.0,1538517589359.0,1538520842750.0
460000095080968055,123.36979933,41.85191981,1037.0,1538522555615.0,1538524077050.0
460000095080968055,123.39642154,41.85241946,1035.0,1538526686816.0,1538531551073.0
460000095080968055,123.3128815,41.84870911,800.0,1538532448948.0,1538534582593.0
460000095080968055,123.38622639,41.85048803,386.0,1538543790021.0,1538548546112.0
460000095080968055,123.3976364,41.83830346,1144.0,1538553450903.0,1538557661087.0
460000095080968055,123.4106903,41.80588913,131.0,1538559950045.0,1538560813625.0
460000095080968055,123.4106903,41.80588913,131.0,1538565794510.0,1538567608870.0
460000095080968055,123.4106903,41.80588913,131.0,1538569999375.0,1538571362339.0
460000095080968055,123.4035301,41.85612297,280.0,1538576279605.0,1538578268671.0
460000095083402469,123.34988309,41.79345274,168.0,1538570408750.0,1538571088870.0
460000095083457844,123.42804847,41.8124644,9.0,1538551139037.0,1538552536845.0
460000095083457844,123.4013087,41.74590937,480.0,1538553422017.0,1538553629460.0
460000095083457844,123.35165406,41.66677066,468.0,1538554425217.0,1538560568961.0
460000095083457844,123.33038583,41.81641006,137.0,1538568183632.0,1538568346321.0
460000095083457844,123.39119467,41.83178965,476.0,1538569666705.0,1538569782922.0
460000095083457844,123.39906311,41.80248718,478.0,1538570918884.0,1538574400553.0
460000095083457844,123.40065,41.79916,112.0,1538579202537.0,1538580594539.0
460000095083470449,123.40678088,41.78228505,1413.0,1538496530100.0,1538499026359.0
460000095083470449,123.34428862,41.78893661,162.0,1538499674959.0,1538500663365.0
460000095083470449,123.41112425,41.784441,1308.0,1538500990994.0,1538502852959.0
460000095083470449,123.42011263,41.78624725,220.0,1538534197596.0,1538535746657.0
460000095083470449,123.3239975,41.7919337,1016.0,1538537023027.0,1538538759536.0
460000095083470449,123.38093719,41.78625793,1012.0,1538553540809.0,1538556244539.0
460000095083470449,123.40351769,41.78825748,130.0,1538558281188.0,1538568791252.0
460000095083470449,123.41006469,41.78449103,1018.0,1538570509255.0,1538576197293.0
460000095083470449,123.42043281,41.8211987,495.0,1538577212264.0,1538582133866.0
460000095083499334,123.527092,41.82112885,494.0,1538496048928.0,1538500144515.0
460000095083499334,123.527092,41.82112885,494.0,1538502128174.0,1538503216156.0
460000095083499334,123.52651216,41.82108634,494.0,1538505258918.0,1538520124287.0
460000095083499334,123.527092,41.82112885,494.0,1538522148971.0,1538524249200.0
460000095083499334,123.527092,41.82112885,494.0,1538527214667.0,1538529574124.0
460000095083499334,123.52404783,41.82090569,497.0,1538533587386.0,1538534917113.0
460000095083499334,123.50867004,41.80733872,522.0,1538546450706.0,1538547969265.0
460000095083499334,123.46987152,41.80749741,499.0,1538549970857.0,1538550250208.0
460000095083499334,123.40642738,41.78742981,909.0,1538554063116.0,1538554949392.0
460000095083499334,123.3972702,41.82157644,1033.0,1538555738228.0,1538556214403.0
460000095083499334,123.4466197,41.80019251,344.0,1538556975167.0,1538557266769.0
460000095083499334,123.47662658,41.8167305,614.0,1538558630337.0,1538559832776.0
460000095083499334,123.4102427,41.71945,127.0,1538561513456.0,1538562830703.0
460000095083499334,123.43735885,41.74055481,508.0,1538563524226.0,1538563733237.0
460000095083499334,123.34554543,41.81587982,808.0,1538566449414.0,1538566990249.0
460000095083499334,123.41226195,41.77196312,1209.0,1538568319653.0,1538570590190.0
460000095083499334,123.40630986,41.82143065,1095.0,1538572884578.0,1538578293693.0
460000095083499334,123.5324033,41.81520112,545.0,1538579177543.0,1538582114116.0
460000095083818745,123.3926785,41.78815396,1366.0,1538496028448.0,1538507183235.0
460000095083818745,123.3956909,41.79013824,1082.0,1538518670570.0,1538520580572.0
460000095083818745,123.39550322,41.78979263,1082.0,1538523449752.0,1538527366569.0
460000095083818745,123.38444215,41.79016533,1365.0,1538531338567.0,1538534974246.0
460000095083818745,123.3726807,41.79486084,445.0,1538537978395.0,1538540003720.0
460000095083818745,123.38214049,41.79188315,1363.0,1538542664092.0,1538549814725.0
460000095083818745,123.39384353,41.78842435,1364.0,1538553044106.0,1538557430475.0
460000095083818745,123.39770365,41.79354691,1132.0,1538568047714.0,1538574657391.0
460000095083818745,123.40973475,41.8017044,348.0,1538580319518.0,1538581956228.0
460000095084416880,123.40553983,41.74009418,481.0,1538509487724.0,1538513486640.0
460000095084416880,123.3698883,41.67259979,475.0,1538514621626.0,1538515442349.0
460000095084416880,123.29676974,41.66120072,567.0,1538517210960.0,1538517775855.0
460000095084416880,123.461977,41.7108078,1243.0,1538556054051.0,1538556541835.0
460000095084416880,123.43474577,41.77033615,535.0,1538557309670.0,1538557781028.0
460000095084416880,123.47711755,41.74303245,563.0,1538558552289.0,1538559045474.0
460000095084416880,123.45024395,41.80823088,103.0,1538560193229.0,1538562451079.0
460000095084416880,123.42700193,41.78405634,219.0,1538566528917.0,1538566602325.0
460000095084416880,123.41446687,41.81147131,62.0,1538569614577.0,1538570763703.0
460000095084416880,123.45815533,41.80702082,638.0,1538571043824.0,1538571935469.0
460000095084416880,123.47618357,41.77234523,580.0,1538573027846.0,1538575000137.0
460000095084416880,123.4545428,41.78558032,1291.0,1538575960527.0,1538578173882.0
460000095084416880,123.45905495,41.75181198,581.0,1538576734501.0,1538577090363.0
460000095084416880,123.4240626,41.82130686,79.0,1538578809832.0,1538581828637.0
460000095084420542,123.4043155,41.81939358,395.0,1538499592395.0,1538506659900.0
460000095084420542,123.4045105,41.82040024,1032.0,1538508985040.0,1538510744990.0
460000095084420542,123.4042765,41.81919225,395.0,1538516627636.0,1538518396830.0
460000095084420542,123.3880735,41.81848635,1046.0,1538528008416.0,1538530561950.0
460000095084420542,123.4087296,41.80886078,43.0,1538578890932.0,1538581465003.0
460000095084437788,123.42012075,41.8005071,1051.0,1538574217301.0,1538579594526.0
460000095084486097,123.41529007,41.82634506,85.0,1538496069690.0,1538498350780.0
460000095084486097,123.42656962,41.82221858,1511.0,1538527412177.0,1538528288902.0
460000095084486097,123.43905447,41.79272365,73.0,1538528840834.0,1538530671211.0
460000095084486097,123.4412203,41.79214335,81.0,1538538984552.0,1538541200459.0
460000095084486097,123.41258494,41.82416789,68.0,1538542942256.0,1538549516465.0
460000095084486097,123.41851045,41.80606143,186.0,1538559339240.0,1538561335845.0
460000095084486097,123.41638075,41.82648986,85.0,1538578481805.0,1538581936167.0
460000095084492531,123.3683319,41.80548096,618.0,1538524331089.0,1538530740846.0
460000095084492531,123.34413148,41.79196472,162.0,1538549884405.0,1538553019136.0
460000095084492531,123.33939579,41.79996273,1268.0,1538553618223.0,1538556604089.0
460000095084492531,123.3360519,41.80081177,621.0,1538558659241.0,1538567180663.0
460000095084492531,123.40199736,41.80512314,60.0,1538569462577.0,1538569764827.0
460000095084492531,123.4143829,41.81169891,62.0,1538573949100.0,1538576765286.0
460000095084494779,123.3952179,41.7841301,444.0,1538496302031.0,1538497558829.0
460000095084494779,123.39258763,41.85568333,1027.0,1538499535515.0,1538499803973.0
460000095084494779,123.39163207,41.85703405,1026.0,1538533362958.0,1538536129845.0
460000095084494779,123.39986877,41.82014694,61.0,1538551990614.0,1538556525433.0
460000095084494779,123.41349795,41.80443191,10.0,1538561242991.0,1538563225626.0
460000095084494779,123.4128571,41.80469894,10.0,1538570016110.0,1538571601874.0
460000095084995924,123.39448803,41.75616328,1443.0,1538498222290.0,1538498420134.0
460000095084995924,123.3493824,41.78369586,215.0,1538498483374.0,1538500156734.0
460000095084995924,123.35202636,41.784865,214.0,1538501129584.0,1538548682772.0
460000095084995924,123.34635108,41.78866475,164.0,1538562386800.0,1538571887395.0
460000095084995924,123.3800151,41.78212611,199.0,1538572836730.0,1538573016036.0
460000095084995924,123.40899191,41.75522701,216.0,1538573971740.0,1538576363958.0
460000095084995924,123.41256956,41.79025289,441.0,1538576893330.0,1538578902686.0
460000095084995924,123.4033127,41.73516998,120.0,1538579213268.0,1538580129769.0
460000095084995924,123.42910599,41.77441915,512.0,1538580402524.0,1538582147106.0
460000095090129828,123.3495178,41.79727936,770.0,1538497075012.0,1538498159845.0
460000095090129828,123.3495178,41.79727936,770.0,1538510205811.0,1538516047767.0
460000095090129828,123.3495178,41.79727936,770.0,1538520205368.0,1538524617327.0
460000095090129828,123.3495178,41.79727936,770.0,1538528156432.0,1538531970819.0
460000095090129828,123.34424333,41.77571741,671.0,1538532345585.0,1538532400034.0
460000095090129828,123.44792038,41.7391947,772.0,1538533657816.0,1538536755591.0
460000095090129828,123.54615367,42.45382552,226.0,1538556858644.0,1538559395042.0
460000095090129828,123.45657441,42.49324513,236.0,1538559703747.0,1538559936978.0
460000095090129828,123.40119937,41.8089536,1139.0,1538566108744.0,1538566250493.0
460000095090129828,123.3824641,41.78049978,673.0,1538578021786.0,1538578073206.0
460000095090129828,123.35299937,41.7944692,168.0,1538578233014.0,1538578643432.0
460000095090191628,122.8239136,42.01221848,136.0,1538497684631.0,1538499252411.0
460000095090191628,122.8239136,42.01221848,136.0,1538506080158.0,1538507850836.0
460000095090191628,122.8239136,42.01221848,136.0,1538512222239.0,1538515163036.0
460000095090191628,122.82576296,42.01231461,136.0,1538529703096.0,1538532579738.0
460000095090191628,123.330162,41.81687927,137.0,1538537380030.0,1538537564305.0
460000095090191628,123.3346227,41.77889252,1059.0,1538539253074.0,1538539434913.0
460000095090191628,123.4644585,41.80625534,138.0,1538541461991.0,1538543611172.0
460000095090191628,123.4583519,41.80146713,914.0,1538547093956.0,1538552140572.0
460000095090191628,123.46865467,41.83117549,140.0,1538558053049.0,1538560901309.0
460000095090191628,123.4746933,41.83179855,141.0,1538564861618.0,1538569994147.0
460000095090191628,123.41215627,41.80921337,6.0,1538570853528.0,1538575103026.0
460000095090191628,123.41035845,41.80837059,56.0,1538578533326.0,1538582033346.0
460000095090758498,123.42029174,41.8071537,1184.0,1538521258548.0,1538539180545.0
460000095090758498,123.39176059,41.79382766,1071.0,1538541026205.0,1538545944601.0
460000095090758498,123.41769923,41.78013302,172.0,1538550325215.0,1538573817282.0
460000095090758498,123.39328252,41.79392469,915.0,1538576147265.0,1538582156625.0
460000095091180583,123.45566164,41.81133355,601.0,1538496134860.0,1538505409822.0
460000095091180583,123.46466574,41.80383089,157.0,1538507999427.0,1538512319194.0
460000095091180583,123.4649277,41.80207825,630.0,1538518313538.0,1538520054707.0
460000095091180583,123.46615599,41.80258751,449.0,1538536478922.0,1538539403171.0
460000095091180583,123.4557266,41.80102348,640.0,1538542399217.0,1538545698306.0
460000095091180583,123.44900799,41.81297398,102.0,1538554350883.0,1538556171656.0
460000095091180583,123.4428192,41.81599579,1379.0,1538558118860.0,1538559994489.0
460000095091180583,123.44188238,41.81520011,1379.0,1538562056144.0,1538570518260.0
460000095091180583,123.44313964,41.81477814,632.0,1538572581051.0,1538573356025.0
460000095091180583,123.38562246,41.81386214,634.0,1538573831234.0,1538580014559.0
460000095091180583,123.44014975,41.81447778,628.0,1538580275831.0,1538582181920.0
460000095093417729,123.33941907,41.66217168,460.0,1538500800059.0,1538501183030.0
460000095093417729,123.3417969,41.66085815,460.0,1538517510277.0,1538519520950.0
460000095093417729,123.34001352,41.6618433,460.0,1538525837505.0,1538530268941.0
460000095093417729,123.3936825,41.7772398,276.0,1538534917155.0,1538535849546.0
460000095093417729,123.3997421,41.79064178,459.0,1538544860644.0,1538547520305.0
460000095093417729,123.4042511,41.80353928,397.0,1538553715857.0,1538555472965.0
460000095093417729,123.39756395,41.79464483,1132.0,1538563863646.0,1538566141384.0
460000095093417729,123.40345327,41.80436761,397.0,1538571951113.0,1538575051830.0
460000095093417729,123.40292358,41.80564213,437.0,1538577036286.0,1538578995253.0
460000095093417729,123.4085439,41.80510585,64.0,1538581322959.0,1538581369862.0
460000095093938695,123.4087296,41.80886078,43.0,1538523797039.0,1538525080453.0
460000095093938695,123.4071053,41.80677334,270.0,1538526903106.0,1538539483214.0
460000095093938695,123.40832267,41.80723317,270.0,1538541668090.0,1538543159350.0
460000095093938695,123.40553283,41.80773108,270.0,1538553245570.0,1538556137051.0
460000095093938695,123.3911845,41.7850825,684.0,1538566354320.0,1538567662203.0
460000095093938695,123.43904367,41.80479304,1.0,1538571931953.0,1538573077835.0
460000095093938695,123.4378586,41.80459976,587.0,1538578027526.0,1538582126113.0
460020095000526731,123.4159698,41.80778122,0.0,1538501956598.0,1538503677526.0
460020095000526731,123.41791387,41.80579939,186.0,1538522781706.0,1538532405130.0
460020095000526731,123.42044447,41.807827,1184.0,1538534635426.0,1538536748946.0
460020095000526731,123.4159698,41.80778122,0.0,1538539259357.0,1538543022196.0
460020095000526731,123.42563246,41.80609894,648.0,1538545986662.0,1538552819336.0
460020095000526731,123.41536739,41.80766983,0.0,1538555104431.0,1538564464821.0
460020095000526731,123.41439405,41.80554375,908.0,1538568953430.0,1538575796124.0
460020095000526731,123.4159698,41.80778122,0.0,1538577672177.0,1538578023779.0
460020095000586650,123.4191513,41.75864029,377.0,1538499888880.0,1538504271629.0
460020095000586650,123.4191513,41.75864029,377.0,1538518853576.0,1538520395574.0
460020095000586650,123.4191513,41.75864029,377.0,1538523022635.0,1538526022655.0
460020095000586650,123.4191513,41.75864029,377.0,1538528051440.0,1538528754199.0
460020095000586650,123.4191513,41.75864029,377.0,1538531978479.0,1538532796414.0
460020095000586650,123.4191513,41.75864029,377.0,1538535622454.0,1538537646465.0
460020095000586650,123.4191513,41.75864029,377.0,1538552543585.0,1538554582030.0
460020095000586650,123.40922644,41.75409889,216.0,1538556726005.0,1538559189476.0
460020095000586650,123.4106903,41.80588913,131.0,1538562170382.0,1538567051834.0
460020095000586650,123.43397267,41.75717926,18.0,1538571017334.0,1538572483432.0
460020095000636300,123.4500529,41.78982671,963.0,1538526954997.0,1538528121806.0
460020095000636300,123.45193538,41.78768485,958.0,1538530244018.0,1538539080615.0
460020095000636300,123.41657512,41.81865883,513.0,1538542883549.0,1538544151827.0
460020095000636300,123.39796554,41.86893136,960.0,1538548290670.0,1538549718622.0
460020095000636300,123.40952495,41.80926037,43.0,1538572466311.0,1538581052392.0
460020095000646396,123.41277112,41.81697149,58.0,1538496083218.0,1538501114453.0
460020095000646396,123.35844975,41.83393112,1258.0,1538501277602.0,1538503678234.0
460020095000646396,123.3373032,41.81529999,1496.0,1538536903478.0,1538537136830.0
460020095000646396,123.36179048,41.82679024,1411.0,1538551511333.0,1538554390736.0
460020095000646396,123.45900622,41.80819078,638.0,1538554834940.0,1538557341418.0
460020095000646396,123.44493646,41.83470862,1158.0,1538560324273.0,1538560635093.0
460020095000646396,123.379186,41.79941686,1264.0,1538562014609.0,1538563359747.0
460020095000646396,123.36598664,41.82748718,1513.0,1538563960018.0,1538564740167.0
460020095000646396,123.4064369,41.867589,927.0,1538565528684.0,1538566181523.0
460020095000646396,123.40661094,41.81392288,1318.0,1538567701546.0,1538569733707.0
460020095000646396,123.39155583,41.77121226,938.0,1538569970300.0,1538569979788.0
460020095000646396,123.4102834,41.74993769,216.0,1538570217799.0,1538570563065.0
460020095000646396,123.47646249,41.76753065,1497.0,1538571397737.0,1538571910871.0
460020095000646396,123.46086734,41.80324936,646.0,1538572615467.0,1538573065024.0
460020095000646396,123.3934616,41.80991821,465.0,1538573518459.0,1538573715244.0
460020095000646396,123.43081985,41.80485202,11.0,1538576397948.0,1538579512198.0
460020095000646396,123.3788199,41.81003293,1045.0,1538579893117.0,1538582118021.0
460020095001192336,123.4159698,41.80778122,0.0,1538496426914.0,1538497609173.0
460020095001192336,123.4159698,41.80778122,0.0,1538502296503.0,1538504649203.0
460020095001192336,123.41517635,41.80974006,13.0,1538513502494.0,1538515269826.0
460020095001192336,123.41394655,41.80577774,908.0,1538517629461.0,1538522505030.0
460020095001192336,123.41483791,41.80666039,908.0,1538524371405.0,1538527173177.0
460020095001192336,123.4137146,41.81412048,59.0,1538529406230.0,1538531213177.0
460020095001192336,123.41530279,41.80712073,908.0,1538535937536.0,1538541941343.0
460020095001192336,123.4128571,41.80469894,10.0,1538548934549.0,1538551633516.0
460020095001192336,123.41360158,41.80604585,908.0,1538559437212.0,1538566462945.0
460020095001192336,123.41331484,41.80679893,908.0,1538568626061.0,1538573147585.0
460020095001192336,123.4159698,41.80778122,0.0,1538579378121.0,1538581943246.0
460020095001645387,123.3910108,41.81047276,436.0,1538496186573.0,1538500023030.0
460020095001645387,123.3900375,41.80822086,465.0,1538519387924.0,1538520384298.0
460020095001645387,123.39056647,41.81046422,436.0,1538527194993.0,1538528150816.0
460020095001645387,123.4020484,41.81062535,805.0,1538530041224.0,1538533318932.0
460020095001645387,123.41400696,41.80997576,62.0,1538556216144.0,1538558943302.0
460020095001645387,123.3968506,41.8096199,527.0,1538561738792.0,1538564553784.0
460020095001645387,123.3968506,41.8096199,527.0,1538567070216.0,1538568283671.0
460020095001775162,123.4159698,41.80778122,0.0,1538498767066.0,1538500568080.0
460020095001775162,123.4159698,41.80778122,0.0,1538502378076.0,1538503877057.0
460020095001775162,123.4154739,41.80748485,0.0,1538510167120.0,1538518442561.0
460020095001775162,123.41463263,41.80664236,908.0,1538520491784.0,1538524937100.0
460020095001775162,123.41489564,41.80712509,908.0,1538527884094.0,1538530554178.0
460020095001775162,123.4159698,41.80778122,0.0,1538533113286.0,1538534313324.0
460020095001775162,123.41563412,41.80757618,0.0,1538536416918.0,1538539736477.0
460020095001775162,123.41477967,41.80685743,908.0,1538541864319.0,1538550435246.0
460020095001775162,123.41485848,41.80752436,908.0,1538554577243.0,1538558534695.0
460020095001775162,123.4151415,41.80710656,908.0,1538562264784.0,1538565650195.0
460020095001775162,123.41568683,41.80750101,0.0,1538572382107.0,1538576720005.0
460020095002685457,123.398613,41.73863983,1185.0,1538528568405.0,1538528963426.0
460020095002685457,123.40476038,41.7970767,356.0,1538551574437.0,1538553463489.0
460020095002685457,123.41755008,41.8062849,186.0,1538555347030.0,1538558474426.0
460020095002685457,123.41626894,41.80243988,253.0,1538561007555.0,1538561997186.0
460020095002685457,123.41560237,41.80300183,253.0,1538563927348.0,1538572962175.0
460020095002685457,123.41763021,41.80269909,1093.0,1538575063899.0,1538577352430.0
460020095002693054,123.40875559,41.80859627,43.0,1538496097692.0,1538521279261.0
460020095002693054,123.40831578,41.80714357,270.0,1538526041476.0,1538554740793.0
460020095002693054,123.47065595,41.80301701,910.0,1538556134333.0,1538561935232.0
460020095002693054,123.46331118,41.80255127,913.0,1538565137511.0,1538567724783.0
460020095002693054,123.46909905,41.80300045,629.0,1538571429969.0,1538573170703.0
460020095002693054,123.4711914,41.80286026,910.0,1538579062240.0,1538582139098.0
460020095002752094,123.41657132,41.87957446,917.0,1538539218307.0,1538540254588.0
460020095002752094,123.42073317,41.8253123,565.0,1538541577298.0,1538541735072.0
460020095002752094,123.4139389,41.789888,1127.0,1538542438485.0,1538543244161.0
460020095002752094,123.41527302,41.88485908,358.0,1538546039697.0,1538547769763.0
460020095002752094,123.4153534,41.84384613,365.0,1538548795221.0,1538549329790.0
460020095002752094,123.41807938,41.83226458,558.0,1538551984672.0,1538553498283.0
460020095002752094,123.41197586,41.88021135,918.0,1538554998466.0,1538557233221.0
460020095002752094,123.42135113,41.82502365,565.0,1538560786854.0,1538561039455.0
460020095002752094,123.41096973,41.87022638,955.0,1538561426908.0,1538563503102.0
460020095002752094,123.41370544,41.88302154,918.0,1538571078151.0,1538572758150.0
460020095002752094,123.45303045,41.83829203,922.0,1538574465015.0,1538580632815.0
460020095002752094,123.4176464,41.86095237,664.0,1538581067541.0,1538581664976.0
460020095002765063,123.32422488,41.66681213,936.0,1538553670153.0,1538555739838.0
460020095002765063,123.32286729,41.66769845,936.0,1538557673046.0,1538561703288.0
460020095002765063,123.38070897,41.68434089,946.0,1538567359242.0,1538568105225.0
460020095002765063,123.40087637,41.74756495,126.0,1538568728694.0,1538569058645.0
460020095002765063,123.40993555,41.80915779,43.0,1538570706071.0,1538582000092.0
460020095003040400,123.41111753,41.80283101,349.0,1538543524585.0,1538545128292.0
460020095003693826,123.411911,41.81045914,6.0,1538551871516.0,1538553326141.0
460020095003693826,123.41251582,41.80939206,6.0,1538558232765.0,1538559578040.0
460020095003693826,123.41200561,41.80988312,6.0,1538568306793.0,1538571908915.0
460020095003693826,123.41210022,41.8093071,6.0,1538577675185.0,1538579975795.0
460020095004258157,123.1545181,41.69551086,1171.0,1538554155332.0,1538555006300.0
460020095004258157,123.40872307,41.80671981,64.0,1538563554425.0,1538569663940.0
460020095004730821,123.40246838,41.80026499,593.0,1538496140400.0,1538496746406.0
460020095004730821,123.44769898,41.84694519,843.0,1538497558423.0,1538498163276.0
460020095004730821,123.4780248,41.82108052,1403.0,1538503543724.0,1538504738590.0
460020095004730821,123.44105224,41.81196976,633.0,1538504878202.0,1538506952707.0
460020095004730821,123.41073353,41.83201345,1358.0,1538505045515.0,1538506230071.0
460020095004730821,123.48814773,41.78719025,1406.0,1538507461829.0,1538509689525.0
460020095004730821,123.53561316,41.80911213,1407.0,1538513820859.0,1538531889127.0
460020095004730821,123.53186032,41.80513001,1428.0,1538552141060.0,1538555160171.0
460020095004730821,123.44535699,41.81734615,904.0,1538555719497.0,1538559235041.0
460020095004730821,123.34983309,41.80649158,408.0,1538560498382.0,1538563645634.0
460020095004730821,123.42492167,41.80405045,435.0,1538563918505.0,1538564222532.0
460020095004730821,123.39519586,41.7382999,540.0,1538565187816.0,1538567249398.0
460020095004730821,123.39068858,41.78184636,1269.0,1538568391564.0,1538569836695.0
460020095004730821,123.49237695,41.80913671,1228.0,1538572966987.0,1538574577082.0
460020095004730821,123.41020117,41.8409356,966.0,1538575331639.0,1538578171496.0
460020095004730821,123.37885742,41.82700958,531.0,1538579688528.0,1538580361826.0
460020095004730821,123.39127256,41.7981801,1368.0,1538580572635.0,1538582168814.0
460020095004751842,123.4042511,41.80353928,397.0,1538517012359.0,1538518415091.0
460020095004751842,123.4042511,41.80353928,397.0,1538530975691.0,1538532386533.0
460020095004751842,123.40710448,41.81425324,952.0,1538545314259.0,1538547938092.0
460020095004751842,123.4064331,41.81716919,398.0,1538550729562.0,1538553005804.0
460020095004751842,123.4064331,41.81716919,398.0,1538555136851.0,1538559637497.0
460020095004751842,123.41209449,41.81693007,55.0,1538564681922.0,1538571747545.0
460020095006349317,123.4119873,41.8078804,56.0,1538496354454.0,1538497878462.0
460020095006349317,123.40756032,41.78543758,1131.0,1538499926568.0,1538500884550.0
460020095006349317,123.44272357,41.7961998,1135.0,1538504307864.0,1538504493920.0
460020095006349317,123.44405707,41.79694324,1133.0,1538506507644.0,1538509254342.0
460020095006349317,123.44717788,41.79704475,1123.0,1538511627022.0,1538512914085.0
460020095006349317,123.4449583,41.79692759,1133.0,1538518209753.0,1538523401947.0
460020095006349317,123.44950976,41.79974256,518.0,1538535612233.0,1538539062028.0
460020095006349317,123.45304875,41.79600525,295.0,1538561791387.0,1538563252076.0
460020095006349317,123.41079335,41.80677986,667.0,1538570820036.0,1538572700207.0
460020095006349317,123.4087296,41.80886078,43.0,1538578742441.0,1538581459273.0
460020095009127182,123.42483331,41.81946818,324.0,1538536914418.0,1538539459088.0
460020095009127182,123.417511,41.82001114,513.0,1538541823610.0,1538553095844.0
460020095009127182,123.41804506,41.81957203,513.0,1538555901302.0,1538557332999.0
460020095009127182,123.40104184,41.79271234,14.0,1538557868957.0,1538563951767.0
460020095009127182,123.41657674,41.81931929,513.0,1538564363747.0,1538566525641.0
460020095009127182,123.41832733,41.82148107,513.0,1538568554202.0,1538569166405.0
460020095009127182,123.41818086,41.81982117,513.0,1538572357736.0,1538574265784.0
460020095009713959,123.3898392,41.80075073,1186.0,1538496458691.0,1538501741211.0
460020095009713959,123.38954832,41.79822588,668.0,1538504674974.0,1538510546340.0
460020095009713959,123.39033996,41.79965626,1186.0,1538523033781.0,1538530572943.0
460020095009713959,123.45254518,41.80055618,1134.0,1538531594952.0,1538533698944.0
460020095009713959,123.45403543,41.79986445,139.0,1538536854379.0,1538538242544.0
460020095009713959,123.4574661,41.80145136,914.0,1538540187128.0,1538541938378.0
460020095009713959,123.45606818,41.79751939,295.0,1538544824766.0,1538549328553.0
460020095009713959,123.4443082,41.79743472,1133.0,1538552365284.0,1538554543149.0
460020095009713959,123.39151766,41.79744805,1368.0,1538555145366.0,1538561676407.0
460020095009713959,123.40539119,41.80694199,270.0,1538563603591.0,1538567274212.0
460020095009713959,123.39462282,41.80195952,434.0,1538570938426.0,1538573933618.0
460020095013629082,123.40996312,41.80884483,43.0,1538496302688.0,1538502723565.0
460020095013629082,123.48369926,41.79125595,1447.0,1538503338875.0,1538509672026.0
460020095013629082,123.4836197,41.79064178,1447.0,1538519359649.0,1538523609603.0
460020095013629082,123.4836197,41.79064178,1447.0,1538529456857.0,1538529828191.0
460020095013629082,123.48469593,41.79590785,1408.0,1538531642842.0,1538539718707.0
460020095013629082,123.4856567,41.80027008,1328.0,1538550190108.0,1538551885031.0
460020095013629082,123.47844394,41.79138031,1446.0,1538569317457.0,1538570493925.0
460020095013629082,123.48379613,41.79957676,1435.0,1538573170844.0,1538579014664.0
460020095013629082,123.40591558,41.8001283,400.0,1538579849335.0,1538582130611.0
460020095019213379,123.43420108,41.77595825,562.0,1538558104876.0,1538560293977.0
460020095019213379,123.43482713,41.77915064,1092.0,1538562175210.0,1538563801046.0
460020095019213379,123.41479495,41.81396103,59.0,1538564804511.0,1538566642646.0
460020095019213379,123.41079886,41.80713484,667.0,1538568502210.0,1538572879827.0
460020095019213379,123.40811339,41.77758654,1146.0,1538573434321.0,1538580584460.0
460020095019361156,123.34127199,41.42934596,811.0,1538498370659.0,1538502389863.0
460020095019361156,123.3410721,41.42948151,811.0,1538505253213.0,1538508628778.0
460020095019361156,123.34157182,41.42914264,811.0,1538513891055.0,1538517252786.0
460020095019361156,123.34144689,41.42922736,811.0,1538522292933.0,1538526868798.0
460020095019361156,123.3410721,41.42948151,811.0,1538528893318.0,1538531751619.0
460020095019361156,123.33717052,41.42929899,814.0,1538534310260.0,1538541464778.0
460020095019361156,123.33099974,41.42808075,817.0,1538543786693.0,1538547281214.0
460020095019361156,123.33224202,41.4284215,817.0,1538549796451.0,1538557784331.0
460020095019361156,123.41097005,41.80569649,131.0,1538566266962.0,1538569368485.0
460020095019361156,123.33093872,41.42321853,820.0,1538573190661.0,1538576593692.0
460020095019361156,123.3410721,41.42948151,811.0,1538578402433.0,1538582149063.0
460020095020693878,123.38103483,41.80369695,1263.0,1538561310903.0,1538562147628.0
460020095020693878,123.41469828,41.80366325,253.0,1538577969281.0,1538581647279.0
460020095020826206,123.33047764,41.65481775,595.0,1538531759306.0,1538535213015.0
460020095020826206,123.33983723,41.66078458,460.0,1538537355292.0,1538541335566.0
460020095020826206,123.3458176,41.6639595,469.0,1538544042606.0,1538544567426.0
460020095020826206,123.34569617,41.66342385,469.0,1538550420049.0,1538558084756.0
460020095020826206,123.33374375,41.65708219,975.0,1538560449569.0,1538564704609.0
460020095020826206,123.3468399,41.66125743,981.0,1538566522741.0,1538569140451.0
460020095020826206,123.3960724,41.77682114,119.0,1538570866385.0,1538571856780.0
460020095020826206,123.4087242,41.80685021,64.0,1538576128965.0,1538581751991.0
460020095021709464,123.4060739,41.79291349,296.0,1538496424944.0,1538532319451.0
460020095021709464,123.37400053,41.81896337,717.0,1538532733790.0,1538532851338.0
460020095024525542,123.40314483,41.79810047,282.0,1538562636450.0,1538563012930.0
460020095024525542,123.4119873,41.8078804,56.0,1538575600476.0,1538577006734.0
460020095024525542,123.4119873,41.8078804,56.0,1538578822050.0,1538580387494.0
460020095024525542,123.38274956,41.79751968,353.0,1538580691012.0,1538582042680.0
460020095024652194,123.41470337,41.80918853,0.0,1538533100505.0,1538537551682.0
460020095024652194,123.4050827,41.85525004,919.0,1538538765171.0,1538539927378.0
460020095024652194,123.40487195,41.82816911,1391.0,1538540524043.0,1538547590045.0
460020095024652194,123.41818238,41.92434006,364.0,1538556721461.0,1538557539520.0
460020095024652194,123.3753204,41.86518097,693.0,1538560098302.0,1538562788558.0
460020095024652194,123.35664558,41.79716396,1392.0,1538568798345.0,1538572007130.0
460020095025511997,123.4160614,41.87481689,933.0,1538532360314.0,1538532573254.0
460020095025511997,123.45828517,41.80006733,321.0,1538533960720.0,1538545210372.0
460020095025511997,123.4167061,41.86462498,708.0,1538552453190.0,1538552951676.0
460020095025511997,123.40326687,41.91759872,374.0,1538553083498.0,1538555100732.0
460020095025511997,123.40416095,41.92430531,362.0,1538563858262.0,1538567451219.0
460020095025511997,123.4124985,41.91976928,364.0,1538569807665.0,1538570611556.0
460020095025588848,123.33285777,41.81533686,712.0,1538562666117.0,1538563177211.0
460020095025588848,123.40721303,41.8067983,270.0,1538563892810.0,1538568351297.0
460020095025588848,123.40576412,41.79983983,25.0,1538571039826.0,1538581471894.0
460020095025609903,123.41397738,41.79824722,193.0,1538496132026.0,1538506952189.0
460020095025609903,123.41155243,41.80862045,56.0,1538554055721.0,1538555076936.0
460020095025669655,123.39220048,41.79852867,352.0,1538496527086.0,1538496650257.0
460020095025669655,123.392718,41.79901123,352.0,1538499813290.0,1538499866534.0
460020095025669655,123.3311157,41.75082143,1369.0,1538551437676.0,1538554146869.0
460020095025669655,123.38237076,41.78954353,554.0,1538556828945.0,1538561753743.0
460020095025669655,123.4081846,41.8059142,270.0,1538567204462.0,1538571148885.0
460020095025669655,123.4106903,41.80588913,131.0,1538573161924.0,1538575061999.0
460020095025669655,123.4106903,41.80588913,131.0,1538577659139.0,1538581031926.0
460020095025808757,123.42637785,41.81869085,324.0,1538498195649.0,1538524545330.0
460020095025808757,123.4379834,41.80971582,148.0,1538527083463.0,1538532165549.0
460020095025808757,123.45892279,41.79996148,321.0,1538533989720.0,1538547074586.0
460020095025808757,123.4546102,41.91226451,325.0,1538548314504.0,1538548415754.0
460020095025808757,123.4629676,41.95548803,323.0,1538549699058.0,1538554006691.0
460020095025808757,123.61987557,41.84459686,329.0,1538556264115.0,1538557689776.0
460020095025808757,123.6205215,41.84529114,329.0,1538559667795.0,1538560737698.0
460020095025808757,123.5560735,41.82050069,867.0,1538563621461.0,1538563848790.0
460020095025808757,123.41181137,41.80964945,6.0,1538564583075.0,1538581827092.0
460020095026670626,123.4102325,41.79447174,267.0,1538519817523.0,1538521969935.0
460020095026670626,123.41338046,41.79400024,266.0,1538525452941.0,1538525959264.0
460020095026670626,123.41095986,41.79416148,267.0,1538528262173.0,1538534850935.0
460020095026670626,123.4138184,41.79597855,265.0,1538539386824.0,1538539930700.0
460020095026670626,123.41267243,41.79524866,266.0,1538544204773.0,1538551512260.0
460020095026670626,123.4138184,41.79597855,265.0,1538560014449.0,1538563220860.0
460020095026670626,123.41205155,41.80461661,10.0,1538565199734.0,1538572906633.0
460020095026670626,123.41231539,41.79871254,193.0,1538575028880.0,1538578643518.0
460020095027690570,123.41445786,41.79403183,51.0,1538524958264.0,1538529000203.0
460020095027690570,123.37144265,41.76927508,174.0,1538531467072.0,1538541210450.0
460020095027690570,123.43940005,41.7930825,73.0,1538541899967.0,1538548366894.0
460020095027690570,123.44797514,41.79495239,600.0,1538565993931.0,1538566639205.0
460020095027690570,123.40874653,41.80685149,64.0,1538567336834.0,1538575258385.0
460020095027690570,123.40348146,41.78123617,443.0,1538576342512.0,1538579663054.0
460020095027690570,123.44785478,41.79092196,572.0,1538580087832.0,1538580661296.0
460020095029764850,123.17101286,41.75913086,1344.0,1538531269925.0,1538531424510.0
460020095029764850,123.23592887,41.78916677,425.0,1538531523518.0,1538531588758.0
460020095029764850,123.281779,41.79413096,1193.0,1538531768813.0,1538532229021.0
460020095029764850,123.34704896,41.82467956,331.0,1538532875917.0,1538533079008.0
460020095029764850,123.3911336,41.81219101,436.0,1538533238501.0,1538533238647.0
460020095029764850,123.43321943,41.80991959,1201.0,1538534048537.0,1538539199785.0
460020095029764850,123.43202335,41.80839857,2.0,1538541208800.0,1538545160895.0
460020095029764850,123.41374993,41.77023773,1305.0,1538546689292.0,1538560299091.0
460020095029764850,123.43381247,41.80574926,1195.0,1538560721252.0,1538561754781.0
460020095029764850,123.43318557,41.80740102,1195.0,1538564956593.0,1538567157524.0
460020095029764850,123.41254951,41.80871421,56.0,1538575228233.0,1538582160361.0
460020095033733585,122.6164703,41.50244141,1384.0,1538536712879.0,1538536754931.0
460020095033733585,123.40899385,41.85297721,655.0,1538540185127.0,1538543445037.0
460020095033733585,123.40937218,41.84861565,1383.0,1538549944054.0,1538556292851.0
460020095033733585,123.40928253,41.84885483,1383.0,1538560766257.0,1538571227499.0
460020095033733585,123.4119873,41.8078804,56.0,1538578173672.0,1538581158477.0
460020095040329737,123.42582828,41.8106327,1057.0,1538569361769.0,1538574077997.0
460020095040371174,123.3980179,41.80838013,757.0,1538497378582.0,1538512584929.0
460020095040371174,123.3980179,41.80838013,757.0,1538516547004.0,1538517588778.0
460020095040371174,123.3980179,41.80838013,757.0,1538519490387.0,1538519777390.0
460020095040371174,123.39804842,41.80858612,757.0,1538522391758.0,1538528802923.0
460020095040371174,123.39819337,41.81571078,1317.0,1538534171425.0,1538541439334.0
460020095040371174,123.396843,41.87870026,1140.0,1538548550183.0,1538549382264.0
460020095040371174,123.39835232,41.80844498,757.0,1538555721598.0,1538556425108.0
460020095040371174,123.39778444,41.80862808,757.0,1538558664411.0,1538561424586.0
460020095040371174,123.4087296,41.80886078,43.0,1538577896213.0,1538578298220.0
460020095040671966,123.26918114,41.7502132,906.0,1538557079343.0,1538559486719.0
460020095040671966,123.30600355,41.79482079,739.0,1538559950839.0,1538560799818.0
460020095040671966,123.30677711,41.79513253,739.0,1538562735227.0,1538564174126.0
460020095040671966,123.3843956,41.81413936,634.0,1538564978887.0,1538565134911.0
460020095040671966,123.42471938,41.82111913,79.0,1538565316795.0,1538567180765.0
460020095040671966,123.35137747,41.82107735,808.0,1538567399773.0,1538567740309.0
460020095040671966,123.35542952,41.7866983,214.0,1538573702515.0,1538578953236.0
460020095040671966,123.4065955,41.80255127,400.0,1538579284336.0,1538581857964.0
460020095040749610,123.40883171,41.80825366,43.0,1538496477701.0,1538500976248.0
460020095040749610,123.40872752,41.80863537,43.0,1538503983719.0,1538509221725.0
460020095040749610,123.39516822,41.79023929,1082.0,1538511217066.0,1538518259198.0
460020095040749610,123.35539205,41.76815033,212.0,1538550899857.0,1538555775095.0
460020095040749610,123.36956942,41.76828537,710.0,1538559567617.0,1538560695256.0
460020095040749610,123.41463342,41.79299037,51.0,1538561258893.0,1538562506351.0
460020095040749610,123.43985747,41.76801808,37.0,1538564128174.0,1538564520601.0
460020095040749610,123.41792991,41.7904025,288.0,1538565064164.0,1538568092717.0
460020095040749610,123.35100683,41.76870982,273.0,1538568686762.0,1538571743678.0
460020095040749610,123.40990408,41.80818256,43.0,1538574141929.0,1538580858956.0
460020095042630820,123.31305697,41.80361557,748.0,1538573783986.0,1538573974490.0
460020095042630820,123.40954403,41.80861569,43.0,1538574981820.0,1538577814137.0
460020095042630820,123.4087296,41.80886078,43.0,1538579900875.0,1538581128567.0
460020095044852955,123.5447083,42.4447403,222.0,1538496429127.0,1538507029985.0
460020095044852955,123.5447083,42.4447403,222.0,1538521463196.0,1538521535687.0
460020095044852955,123.54220094,42.4423256,228.0,1538525776296.0,1538533705136.0
460020095044852955,123.54145257,42.44187719,228.0,1538544919908.0,1538548505053.0
460020095044852955,123.554533,42.44353962,225.0,1538551745568.0,1538558337916.0
460020095044852955,123.55190582,42.4466362,224.0,1538560554402.0,1538563760945.0
460020095044852955,123.5453186,42.45396042,226.0,1538566643506.0,1538567984855.0
460020095044852955,123.54524636,42.44574379,222.0,1538571388682.0,1538576127246.0
460020095044852955,123.45402652,42.49312719,243.0,1538576525608.0,1538576717966.0
460020095044852955,123.44357112,41.81229877,632.0,1538580440112.0,1538581110742.0
460020095047591881,123.4200516,41.84743118,311.0,1538496605954.0,1538498003704.0
460020095047591881,123.4200516,41.84743118,311.0,1538512946872.0,1538518021696.0
460020095047591881,123.41916275,41.84535027,314.0,1538521226041.0,1538522833466.0
460020095047591881,123.41908627,41.84618879,314.0,1538524887687.0,1538533667889.0
460020095047591881,123.41959765,41.84726715,311.0,1538535855675.0,1538552672045.0
460020095047591881,123.41780857,41.85050329,315.0,1538561636377.0,1538562995413.0
460020095047591881,123.4087296,41.80886078,43.0,1538565267975.0,1538568636972.0
460020095047591881,123.41691592,41.8328598,558.0,1538571518252.0,1538574675180.0
460020095050670159,123.4350454,41.81924335,304.0,1538531044369.0,1538535191475.0
460020095050670159,123.45451166,41.80176735,640.0,1538546727206.0,1538549466413.0
460020095050670159,123.4301834,41.82373047,69.0,1538558637946.0,1538559743878.0
460020095050670159,123.40961806,41.8085934,43.0,1538560396796.0,1538565206206.0
460020095050670159,123.41935446,41.81568003,661.0,1538567413281.0,1538570199492.0
460020095051970226,123.4123205,41.80556742,10.0,1538570896911.0,1538572202996.0
460020095051970226,123.4157677,41.79905605,1374.0,1538574178278.0,1538577152794.0
460020095053216865,123.39978537,41.79267629,14.0,1538554163100.0,1538555902701.0
460020095053216865,123.40759691,41.80510028,270.0,1538562743085.0,1538571532522.0
460020095068332375,123.6301244,42.05777995,1154.0,1538566968211.0,1538567065631.0
460020095068332375,123.4509277,41.83307393,1436.0,1538568761046.0,1538569231037.0
460020095068332375,123.41105143,41.80569077,131.0,1538570225627.0,1538574657534.0
460020095068332375,123.39983584,41.80693545,437.0,1538576560763.0,1538579969375.0
460020095081880808,122.84151595,41.99504263,1104.0,1538496986315.0,1538501749396.0
460020095081880808,122.8359146,41.99409867,1102.0,1538538525202.0,1538539420570.0
460020095081880808,122.83355713,41.99505933,1116.0,1538552013844.0,1538555187027.0
460020095081880808,122.83680347,42.00291252,1115.0,1538557486333.0,1538558116434.0
460020095081880808,123.33554843,41.8197403,1106.0,1538561676926.0,1538561696143.0
460020095081880808,123.3899765,41.79537901,668.0,1538562059018.0,1538564504085.0
460020095081880808,123.3928833,41.78121185,1114.0,1538569165378.0,1538570468161.0
460020095081880808,123.39809132,41.78744125,1103.0,1538572545044.0,1538576666643.0
460020095081880808,123.39904533,41.78665161,1103.0,1538578755376.0,1538579041269.0
460020095081880808,123.4098155,41.80853399,43.0,1538579830449.0,1538582191171.0
460020095088859075,123.38901214,41.84692459,382.0,1538529308881.0,1538531451741.0
460020095088859075,123.5491581,41.81775284,340.0,1538533183488.0,1538534181602.0
460020095088859075,123.61618652,41.91744919,383.0,1538539679271.0,1538542887159.0
460020095088859075,123.40755549,41.81088003,1236.0,1538565185088.0,1538569577620.0
460020095088859075,123.396265,41.85017586,1041.0,1538572712345.0,1538574487090.0
460020095088859075,123.3903427,41.84566116,382.0,1538576366925.0,1538579637140.0
460020095098336977,123.41980871,41.8236208,495.0,1538526640427.0,1538528608979.0
460020095098336977,123.40950395,41.91158867,373.0,1538529196919.0,1538529425808.0
460020095098336977,123.40361787,41.94760386,836.0,1538530081162.0,1538530193703.0
460020095098336977,123.38315455,41.96741422,851.0,1538530438257.0,1538532221463.0
460020095098336977,123.47963903,41.81989002,856.0,1538534600692.0,1538535035866.0
460020095098336977,123.56349565,41.82304478,387.0,1538536513639.0,1538537390570.0
460020095098336977,123.7265015,41.8460083,841.0,1538538369513.0,1538538672364.0
460020095098336977,123.52802166,41.81866346,494.0,1538539994940.0,1538541086664.0
460020095098336977,123.44032251,41.8515522,1426.0,1538543233263.0,1538549348650.0
460020095098336977,123.48129653,41.80442429,1460.0,1538560683079.0,1538563671934.0
460020095098336977,123.4786377,41.80295944,847.0,1538565992807.0,1538568270910.0
460020095098336977,123.4786377,41.80295944,847.0,1538570222923.0,1538572072772.0
460020095098336977,123.44225866,41.79921792,7.0,1538574612830.0,1538579562329.0
460020095098364762,123.4342117,41.94113159,345.0,1538531608966.0,1538533324613.0
460020095098364762,123.38503073,41.85193348,1036.0,1538536575934.0,1538541448781.0
460020095098364762,123.3867416,41.85422134,1177.0,1538547984915.0,1538550569870.0
460020095098364762,123.38654327,41.85654068,1177.0,1538553678695.0,1538554744737.0
460020095098364762,123.38635889,41.81928031,1046.0,1538555601943.0,1538558038182.0
460020095098364762,123.40427554,41.80640259,437.0,1538559935909.0,1538563653752.0
460020095098364762,123.38291168,41.81224887,1174.0,1538577945500.0,1538580877795.0
460020095098800085,123.48296038,41.81395403,1468.0,1538525832842.0,1538527360157.0
460020095098800085,123.43158266,41.82124481,472.0,1538527995903.0,1538529673137.0
460020095098800085,123.49814987,41.9071827,1156.0,1538530596465.0,1538530825245.0
460020095098800085,123.41988565,41.96213436,1456.0,1538531775475.0,1538532230239.0
460020095098800085,123.4449361,41.9205602,322.0,1538532853965.0,1538533318114.0
460020095098800085,123.45922899,41.81032276,637.0,1538539044894.0,1538543403138.0
460020095098800085,123.45506614,41.78229795,1467.0,1538556246624.0,1538556955102.0
460020095098800085,123.38804932,41.76187058,1459.0,1538560427194.0,1538560640291.0
460020095098800085,123.39485473,41.81543732,783.0,1538563273717.0,1538565195486.0
460020095098800085,123.37082418,41.78157775,703.0,1538567770478.0,1538571233182.0
460020095098800085,123.3857295,41.79175313,1370.0,1538576766352.0,1538577077700.0
460020095098800085,123.44180592,41.81027955,627.0,1538577612499.0,1538579593334.0
460020095098800085,123.4553833,41.79567184,295.0,1538581503589.0,1538582126556.0
460070095005469544,122.757019,41.51089859,412.0,1538496929451.0,1538499266974.0
460070095005469544,122.757019,41.51089859,412.0,1538527459643.0,1538530254539.0
460070095005469544,122.757019,41.51089859,412.0,1538537633149.0,1538540052107.0
460070095005469544,122.732173,41.51846409,428.0,1538566183279.0,1538572363841.0
460070095005469544,122.77323239,41.51896039,420.0,1538576653251.0,1538577208124.0
460070095005469544,122.7453766,41.53580856,405.0,1538577225712.0,1538577367481.0
460070095005469544,123.24608613,41.79250971,406.0,1538578826080.0,1538578889060.0
460070095005469544,123.34385173,41.80343119,1268.0,1538579348595.0,1538579735843.0
460070095005469544,123.40767014,41.80360249,348.0,1538580315396.0,1538582008844.0
460070095006117569,123.2838364,41.76004028,1169.0,1538496252393.0,1538499745980.0
460070095006117569,123.2838364,41.76004028,1169.0,1538503222415.0,1538504396725.0
460070095006117569,123.2796822,41.75909042,1254.0,1538512576660.0,1538515320900.0
460070095006117569,123.2795614,41.75803375,1254.0,1538529827948.0,1538529926240.0
460070095006117569,123.275528,41.75814056,1253.0,1538533772753.0,1538535574423.0
460070095006117569,123.28037075,41.75796318,1254.0,1538556987518.0,1538557843020.0
460070095006117569,123.35574993,41.78634589,214.0,1538558923594.0,1538560154557.0
460070095006117569,123.40888688,41.80827875,43.0,1538562048500.0,1538572134142.0
460070095006117569,123.43617533,41.80581999,8.0,1538575742549.0,1538579739424.0
460070095021168998,123.4093679,41.8062172,64.0,1538517145638.0,1538518680091.0
460070095021168998,123.4072215,41.80543391,270.0,1538520973719.0,1538524062009.0
460070095021168998,123.40760997,41.80753041,270.0,1538538916211.0,1538542581514.0
460070095021168998,123.4028651,41.795386,872.0,1538558508546.0,1538560782832.0
460070095021168998,123.39907074,41.79058734,459.0,1538563047875.0,1538567658569.0
460070095021168998,123.39963148,41.79159069,467.0,1538571435537.0,1538572835633.0
460070095021168998,123.4013168,41.79298248,14.0,1538575318881.0,1538577036398.0
460070095021168998,123.4087067,41.80638123,64.0,1538580639468.0,1538581931222.0
460070095024575626,123.39563367,41.80504894,599.0,1538539291433.0,1538539826936.0
460070095024575626,123.33288131,41.82085158,292.0,1538543918293.0,1538552263034.0
460070095024575626,123.39810026,41.80203552,294.0,1538558164972.0,1538560653367.0
460070095024575626,123.40658031,41.80781666,270.0,1538568703808.0,1538582009765.0
460070095024644511,123.4299622,41.7955513,440.0,1538505394138.0,1538509401977.0
460070095024644511,123.4299622,41.7955513,440.0,1538512006130.0,1538520264026.0
460070095024644511,123.42963566,41.7953392,440.0,1538534326725.0,1538536940879.0
460070095024644511,123.41731074,41.7892108,665.0,1538549134624.0,1538552295075.0
460070095024644511,123.37414224,41.79689244,445.0,1538560433096.0,1538561629538.0
460070095024644511,123.4299622,41.7955513,440.0,1538565118971.0,1538566361943.0
460070095024644511,123.42950748,41.79792862,454.0,1538568807952.0,1538571519476.0
460070095024644511,123.46613976,41.80273019,449.0,1538572724730.0,1538582186306.0
460070095024650259,123.41100012,41.80817748,56.0,1538496608776.0,1538504289987.0
460070095024650259,123.41080268,41.8082369,56.0,1538506134619.0,1538508750482.0
460070095024650259,123.35733286,41.83404064,1258.0,1538510188435.0,1538544601884.0
460070095024650259,123.3550003,41.83406372,1260.0,1538547624062.0,1538549356746.0
460070095024650259,123.40620641,41.81141227,761.0,1538572878804.0,1538582169800.0
460070095025648611,123.38397246,41.80960144,1022.0,1538498181725.0,1538502354956.0
460070095025648611,123.36085944,41.79798617,896.0,1538555014248.0,1538559034794.0
460070095025648611,123.35033034,41.79168091,173.0,1538564393103.0,1538566002083.0
460070095025648611,123.4227829,41.80710983,489.0,1538566296166.0,1538567072010.0
460070095025648611,123.44016876,41.83189621,1159.0,1538573569753.0,1538574241484.0
460070095025648611,123.48996735,41.83609485,1273.0,1538575668400.0,1538576051157.0
460070095025648611,123.40561731,41.81466593,1318.0,1538577066757.0,1538578945045.0
460070095025648611,123.34890811,41.80770111,556.0,1538579220231.0,1538582154580.0
460070095025649502,123.3649411,41.79341253,1287.0,1538496122546.0,1538500552832.0
460070095025649502,123.3644791,41.7935791,1287.0,1538504125078.0,1538505237511.0
460070095025649502,123.3644791,41.7935791,1287.0,1538511070431.0,1538515892183.0
460070095025649502,123.3644791,41.7935791,1287.0,1538521014766.0,1538525684198.0
460070095025649502,123.36489057,41.79325714,1287.0,1538527668172.0,1538534952733.0
460070095025649502,123.3736782,41.79420567,451.0,1538550485010.0,1538551065462.0
460070095025649502,123.46805531,41.80293354,643.0,1538552239238.0,1538561975957.0
460070095025649502,123.45149232,41.80655734,458.0,1538564482082.0,1538566841705.0
460070095025649502,123.38320596,41.79761505,1373.0,1538567058585.0,1538568032868.0
460070095025649502,123.37203472,41.79550553,452.0,1538575554081.0,1538577344196.0
460070095025649502,123.36437417,41.7927742,1287.0,1538579472791.0,1538581026310.0
460070095040136238,123.41641352,41.77639947,1307.0,1538496450303.0,1538500262439.0
460070095040136238,123.4215149,41.87730789,932.0,1538502019589.0,1538503047985.0
460070095040136238,123.43177708,41.88760079,1214.0,1538530854345.0,1538532269810.0
460070095040136238,123.40356697,41.92115784,947.0,1538537267326.0,1538538177356.0
460070095040136238,123.40291593,41.92062569,1230.0,1538540371357.0,1538542366326.0
460070095040136238,123.46967313,41.799764,359.0,1538561266365.0,1538561727947.0
460070095040136238,123.46615795,41.80297756,449.0,1538564139333.0,1538564971782.0
460070095040136238,123.34646607,41.78438695,167.0,1538567181861.0,1538567515295.0
460070095040136238,123.41195427,41.78207397,1018.0,1538570055689.0,1538570571481.0
460070095040136238,123.4735896,41.74360275,573.0,1538577770204.0,1538578662770.0
460070095040136238,123.42346519,41.78246144,188.0,1538579566283.0,1538580772663.0
460070095040239953,123.41365663,41.82621078,1238.0,1538539350757.0,1538542976227.0
460070095040239953,123.39340212,41.77190971,286.0,1538544855351.0,1538545105979.0
460070095040239953,123.40917421,41.80785497,43.0,1538561594371.0,1538575880176.0
460070095040239953,123.39282802,41.76518154,180.0,1538576300239.0,1538576519572.0
460070095048036852,123.4589996,41.80213165,155.0,1538519798942.0,1538520517655.0
460070095048036852,123.45669935,41.80111122,914.0,1538528655357.0,1538531443292.0
460070095048036852,123.45937924,41.79313946,971.0,1538533380520.0,1538539636685.0
460070095048036852,123.4589996,41.80213165,155.0,1538545131121.0,1538549947479.0
460070095048036852,123.40899184,41.806983,64.0,1538559584075.0,1538563171535.0
460070095048036852,123.40529979,41.79837487,25.0,1538568137721.0,1538574679742.0
460070095048036852,123.45944217,41.80202103,155.0,1538575890021.0,1538576366303.0
460070095098504016,123.3762817,41.8028717,53.0,1538569725202.0,1538572247898.0
460070095098504016,123.3741684,41.80398233,53.0,1538574881876.0,1538576783435.0
460070095098504016,123.37808226,41.80516663,607.0,1538579253947.0,1538581826308.0
460070095098545714,123.396843,41.87870026,1140.0,1538523545120.0,1538528881246.0
460070095098545714,123.396843,41.87870026,1140.0,1538531435955.0,1538536849052.0
460070095098545714,123.43227897,41.82670593,1492.0,1538541865469.0,1538542169139.0
460070095098545714,123.4625397,41.80088043,1246.0,1538545034835.0,1538547149336.0
460070095098545714,123.4625397,41.80088043,1246.0,1538549006399.0,1538552981034.0
460070095098545714,123.46122932,41.80272483,911.0,1538561318537.0,1538562540252.0
460070095098545714,123.4607391,41.80451965,646.0,1538569379945.0,1538573198790.0
460070095098545714,123.46013852,41.80941433,638.0,1538576449810.0,1538581340806.0
