imsi,start,end,startPlot,endPlot
460000095005561145,1538559097549,1538561699021,106,113
460000095005561145,1538561699021,1538563007506,113,110
460000095005561145,1538575290834,1538575735900,111,109
460000095005561145,1538575735900,1538576649640,109,112
460000095005561145,1538576649640,1538582145592,112,56
460000095005565778,1538530876482,1538530931657,116,1306
460000095005565778,1538530931657,1538530947516,1306,1309
460000095005565778,1538530947516,1538531710113,1309,829
460000095005565778,1538531710113,1538531779144,829,1224
460000095005565778,1538531779144,1538532530941,1224,916
460000095005565778,1538532096839,1538533142986,916,806
460000095005565778,1538533142986,1538533382375,806,274
460000095005565778,1538533382375,1538538602445,274,536
460000095005565778,1538546749370,1538547628927,536,535
460000095005565778,1538547628927,1538550837253,535,1305
460000095005565778,1538568567275,1538573184897,536,1074
460000095005565778,1538572798142,1538574860376,1308,809
460000095005571676,1538505985496,1538510992360,65,663
460000095007329090,1538498482636,1538501287191,6,0
460000095007329090,1538523400725,1538523581221,0,13
460000095007329090,1538575066000,1538581892720,6,0
460000095007687263,1538540190390,1538543929467,116,134
460000095007687263,1538543929467,1538543996674,134,116
460000095007687263,1538546286389,1538547514780,116,117
460000095007687263,1538547514780,1538547748963,117,127
460000095007687263,1538547748963,1538547999575,127,120
460000095007687263,1538548003035,1538548245660,120,126
460000095007687263,1538548245660,1538548442424,126,118
460000095007687263,1538548442424,1538548571871,118,135
460000095007687263,1538548571871,1538548806946,135,121
460000095007687263,1538548806946,1538550927375,121,129
460000095007687263,1538559460793,1538559545803,133,122
460000095007687263,1538575925651,1538580602334,131,130
460000095007687263,1538580602334,1538580746508,130,119
460000095007687263,1538580746508,1538580985858,119,123
460000095007687263,1538580985858,1538581516324,123,125
460000095007687263,1538581516324,1538581939300,125,132
460000095009768355,1538535351406,1538538014658,435,51
460000095009768355,1538549244409,1538549634666,131,112
460000095009768355,1538549485455,1538550381510,668,674
460000095009768355,1538550381510,1538552117126,674,679
460000095009768355,1538550751462,1538552941638,678,680
460000095009768355,1538552941638,1538555296179,680,670
460000095009768355,1538553748413,1538558695107,671,672
460000095009768355,1538556900809,1538559368130,672,673
460000095009768355,1538559412209,1538561519458,673,6
460000095009824436,1538528685325,1538532605177,1047,395
460000095009824436,1538531490601,1538537167960,0,62
460000095018240151,1538534652462,1538534704463,757,642
460000095018240151,1538534704463,1538534821562,642,1049
460000095018240151,1538534821618,1538539169232,1049,606
460000095018240151,1538549577732,1538551055625,446,62
460000095018240151,1538550518767,1538551673118,332,546
460000095018240151,1538551673118,1538554798460,546,13
460000095018240151,1538554247105,1538556623369,1057,13
460000095018240151,1538556623369,1538558141821,13,64
460000095018240151,1538558141821,1538564904876,64,58
460000095028482910,1538496171342,1538496473265,35,878
460000095028482910,1538496473265,1538496489805,878,833
460000095028482910,1538496489805,1538496645661,833,823
460000095028482910,1538496645661,1538496866246,823,1310
460000095028482910,1538496866246,1538497012711,1310,1311
460000095028482910,1538497012711,1538497245827,1311,1316
460000095028482910,1538497245827,1538498223206,1316,1314
460000095028482910,1538498223206,1538498317338,1314,881
460000095028482910,1538498317338,1538498380260,881,1312
460000095040541608,1538513166635,1538519997765,642,1068
460000095040541608,1538517353352,1538520367313,916,880
460000095040541608,1538520367313,1538520377638,880,806
460000095040541608,1538520377638,1538520857689,806,1066
460000095040541608,1538520857689,1538520949611,1066,1069
460000095040541608,1538520949611,1538520999001,1069,471
460000095040591270,1538496064006,1538500113850,1317,756
460000095040591270,1538500113850,1538503813425,756,1317
460000095040591270,1538533531174,1538535683724,761,133
460000095040591270,1538535683724,1538536822183,133,1319
460000095040591270,1538536822183,1538538318523,1319,800
460000095040591270,1538556869100,1538559492220,800,59
460000095040591270,1538561551762,1538567963128,43,756
460000095057074060,1538497044573,1538500003264,95,93
460000095057074060,1538500003264,1538502630252,93,95
460000095057074060,1538513044703,1538513050563,95,93
460000095057074060,1538524394905,1538525706755,95,102
460000095057074060,1538525706755,1538525724336,102,103
460000095057074060,1538525724336,1538526068705,103,100
460000095057074060,1538526068705,1538526638716,100,101
460000095057074060,1538526638716,1538526757364,101,98
460000095057074060,1538526757364,1538527887621,98,105
460000095057074060,1538527887621,1538528047280,105,97
460000095057074060,1538528168199,1538528299439,97,104
460000095057074060,1538528299439,1538528681318,104,96
460000095060523239,1538496060368,1538497037025,725,760
460000095060523239,1538496399619,1538497144085,761,599
460000095060523239,1538497144085,1538497187511,599,688
460000095060523239,1538497187511,1538497446085,688,53
460000095060523239,1538497313575,1538499032263,626,689
460000095060523239,1538498113700,1538499150120,696,297
460000095060523239,1538499150120,1538499165260,297,122
460000095060523239,1538499165260,1538501763776,122,712
460000095060523239,1538499216455,1538501966431,738,748
460000095060523239,1538499333166,1538501844834,748,749
460000095060523239,1538501844834,1538503072909,749,739
460000095060523239,1538547944340,1538551931009,699,273
460000095060523239,1538551931009,1538553686335,273,210
460000095060523239,1538553307999,1538554003720,726,704
460000095060523239,1538553808117,1538554539003,719,446
460000095060523239,1538554539003,1538554761924,446,660
460000095060523239,1538554761924,1538555524680,660,75
460000095060523239,1538555524680,1538555526684,75,85
460000095060523239,1538555526684,1538558630063,85,487
460000095060523239,1538555906686,1538559521885,258,201
460000095060523239,1538559521885,1538560160518,201,767
460000095060523239,1538560160518,1538560429681,767,710
460000095060523239,1538560429681,1538560783309,710,707
460000095060523239,1538560797019,1538563316849,707,729
460000095060523239,1538562178391,1538562440231,730,529
460000095060523239,1538562440231,1538564091939,529,708
460000095060523239,1538563953852,1538564463345,724,723
460000095060523239,1538564463345,1538565374938,723,740
460000095060523239,1538565374938,1538565431708,740,709
460000095060523239,1538565431708,1538566902180,709,768
460000095060523239,1538566902180,1538567186022,768,376
460000095060523239,1538567186022,1538567346376,376,746
460000095060523239,1538567346376,1538568502696,746,710
460000095060523239,1538568466396,1538570604629,731,763
460000095060523239,1538568970601,1538572621851,711,732
460000095060523239,1538571244751,1538572189339,742,744
460000095060523239,1538572189339,1538573362705,744,745
460000095060523239,1538573362705,1538574424972,745,553
460000095060523239,1538573493145,1538573803148,482,122
460000095060523239,1538573803148,1538575410791,122,290
460000095060523239,1538574959109,1538576081781,201,733
460000095060523239,1538575740497,1538577809096,214,743
460000095060523239,1538576609516,1538577131426,717,734
460000095060523239,1538577131426,1538577503972,734,716
460000095060523239,1538577503972,1538577681981,716,528
460000095060523239,1538577725276,1538578690070,528,303
460000095060523239,1538578690070,1538579732575,303,65
460000095060523239,1538578916187,1538580194386,54,714
460000095060523239,1538580194386,1538580664971,714,694
460000095060523239,1538580425339,1538580757096,696,758
460000095060523239,1538580721122,1538580955926,758,750
460000095060523239,1538580955926,1538581183935,750,759
460000095060523239,1538581183935,1538581612001,759,606
460000095060523239,1538581612632,1538581703096,606,163
460000095060523239,1538581703096,1538581950181,163,150
460000095060523239,1538581950181,1538582019463,150,212
460000095060523239,1538582019463,1538582044795,212,751
460000095060523239,1538582044795,1538582117046,751,752
460000095060523239,1538582117046,1538582128694,752,753
460000095062225863,1538562802706,1538565753126,1322,197
460000095062225863,1538564046113,1538566487089,1326,1327
460000095062225863,1538566487089,1538567097483,1327,180
460000095062225863,1538567097483,1538567408524,180,194
460000095062225863,1538567269513,1538569056477,1321,43
460000095062225863,1538575470052,1538580142824,43,1323
460000095063856923,1538509062120,1538510254330,967,318
460000095063856923,1538575434902,1538579717579,576,1251
460000095063856923,1538578600561,1538581726441,495,56
460000095063881983,1538515760216,1538516482390,10,253
460000095063881983,1538516482390,1538519393555,253,0
460000095063881983,1538576788630,1538577673394,56,10
460000095063881983,1538577673394,1538577926665,10,649
460000095063881983,1538577926665,1538581288265,649,253
460000095063979850,1538528127474,1538532601870,710,281
460000095063979850,1538532601870,1538532755010,281,271
460000095063979850,1538532755010,1538532974078,271,273
460000095063979850,1538532974078,1538533569128,273,1339
460000095063979850,1538533569128,1538533810771,1339,1343
460000095063979850,1538533810771,1538533980198,1343,1350
460000095063979850,1538533980198,1538534052062,1350,1205
460000095063979850,1538534252996,1538535164401,1352,1334
460000095063979850,1538543605154,1538544245548,1334,1351
460000095063979850,1538544245548,1538544386745,1351,1332
460000095063979850,1538544386745,1538544480284,1332,1333
460000095063979850,1538544480284,1538544553282,1333,1348
460000095063979850,1538544553282,1538544681847,1348,1349
460000095063979850,1538544681847,1538544958417,1349,146
460000095063979850,1538544958417,1538544959869,146,1346
460000095063979850,1538544959869,1538545028093,1346,146
460000095063979850,1538545028093,1538545180924,146,1118
460000095063979850,1538545180924,1538545525862,1118,1342
460000095063979850,1538545525862,1538545706478,1342,1335
460000095063979850,1538545706478,1538545875101,1335,1342
460000095063979850,1538545875101,1538546219780,1342,1335
460000095063979850,1538546219780,1538546697182,1335,1347
460000095063979850,1538546697182,1538548684621,1347,1353
460000095063979850,1538546725956,1538548870022,1353,152
460000095063979850,1538546949114,1538547139871,152,1347
460000095063979850,1538547139871,1538548203950,1347,1336
460000095063979850,1538548203950,1538548391144,1336,160
460000095063979850,1538548391144,1538548936834,160,1337
460000095063979850,1538548936834,1538548993116,1337,1338
460000095063979850,1538549030137,1538549390914,1338,1335
460000095063979850,1538549390914,1538549657221,1335,1342
460000095063979850,1538549657221,1538549979615,1342,1340
460000095063979850,1538550091079,1538550192489,1340,1356
460000095063979850,1538550192489,1538550366210,1356,1118
460000095063979850,1538554742438,1538554876666,1118,1346
460000095063979850,1538554840859,1538556149635,1346,716
460000095063979850,1538556149635,1538556225963,716,297
460000095063979850,1538556225963,1538556240717,297,331
460000095063979850,1538556338979,1538556488133,331,634
460000095063979850,1538556488133,1538556547895,634,436
460000095064919090,1538507423234,1538508118494,220,221
460000095064919090,1538547760054,1538553798058,219,187
460000095064990351,1538522624162,1538523957329,60,1358
460000095064990351,1538523957329,1538524341648,1358,919
460000095064990351,1538524341648,1538527010703,919,1360
460000095064990351,1538524568432,1538528461181,1359,655
460000095064990351,1538528461181,1538528772988,655,657
460000095071779102,1538544276098,1538548596948,496,398
460000095071779102,1538549728587,1538552252804,398,514
460000095071779102,1538552252804,1538552611672,514,80
460000095071779102,1538552611672,1538555774957,80,1062
460000095071779102,1538553798778,1538558507425,1062,65
460000095071779102,1538558319553,1538558718974,324,89
460000095071779102,1538558718974,1538561524599,89,64
460000095071779102,1538563629312,1538568406569,43,80
460000095073912558,1538542059396,1538546728205,718,76
460000095073912558,1538544085288,1538551039938,1096,1097
460000095073912558,1538558785218,1538562159287,76,718
460000095073912558,1538561132656,1538562746797,76,56
460000095073912558,1538562746797,1538568771726,56,193
460000095073912558,1538563470506,1538569954331,77,131
460000095073912558,1538569954331,1538570076509,131,62
460000095073912558,1538570076509,1538570771474,62,1094
460000095073912558,1538570370186,1538574331364,760,76
460000095074423059,1538530470719,1538531215510,33,16
460000095074423059,1538531106428,1538531736202,18,38
460000095074423059,1538531736202,1538531807527,38,40
460000095074423059,1538531807527,1538532164420,40,28
460000095074423059,1538532164420,1538532166380,28,27
460000095074423059,1538532166380,1538532777702,27,35
460000095074423059,1538532777702,1538532790924,35,39
460000095074423059,1538532790924,1538533578474,39,21
460000095074423059,1538533013180,1538536141521,34,20
460000095074423059,1538533845066,1538536262647,19,31
460000095074423059,1538536262647,1538541150874,31,20
460000095074423059,1538539081586,1538542960646,19,20
460000095074423059,1538542960646,1538542984776,20,19
460000095074423059,1538542984776,1538548532751,19,21
460000095074423059,1538552469330,1538555897945,21,31
460000095074423059,1538555897945,1538556932801,31,41
460000095074423059,1538556932801,1538557039177,41,19
460000095074423059,1538557039177,1538557337961,19,29
460000095074423059,1538557337961,1538558450795,29,21
460000095074423059,1538558450795,1538558482176,21,32
460000095074423059,1538558536222,1538559817887,32,22
460000095074423059,1538559817887,1538560090430,22,30
460000095074423059,1538560090430,1538562013833,30,37
460000095074424637,1538560980043,1538568060885,42,53
460000095074424637,1538567609007,1538570261076,54,43
460000095074465569,1538496342343,1538501179477,809,605
460000095074465569,1538513730928,1538513976161,1292,611
460000095074465569,1538569461903,1538569903466,1292,1295
460000095074465569,1538569903466,1538570254705,1295,1298
460000095074465569,1538570254705,1538571561035,1298,1296
460000095074465569,1538571561035,1538572966352,1296,1293
460000095074465569,1538571747263,1538577348195,1293,1297
460000095074467156,1538524024547,1538524960262,380,546
460000095074467156,1538524960262,1538525172945,546,1000
460000095074467156,1538525172945,1538525256776,1000,990
460000095074467156,1538525256776,1538525755835,990,991
460000095074467156,1538525464468,1538526531952,991,997
460000095074467156,1538526531952,1538526695239,997,1001
460000095074467156,1538526695239,1538528932776,1001,996
460000095074467156,1538546580058,1538550640116,986,987
460000095074467156,1538550640116,1538550696043,987,988
460000095074467156,1538550696043,1538551649504,988,161
460000095074467156,1538551649504,1538552351284,161,992
460000095074467156,1538552351284,1538552441504,992,998
460000095074467156,1538559821358,1538560131487,380,995
460000095074467156,1538560131487,1538560210051,995,596
460000095074467156,1538560210051,1538560744797,596,989
460000095074467156,1538560744797,1538561173927,989,561
460000095074467156,1538561173927,1538561302970,561,18
460000095074467156,1538561302970,1538561889345,18,219
460000095074467156,1538561889345,1538564064304,219,10
460000095074467156,1538570346441,1538572283039,207,605
460000095074467156,1538572283044,1538572553075,605,535
460000095074467156,1538572553075,1538574494310,535,380
460000095074467156,1538572764747,1538573562564,380,1003
460000095074476402,1538523921603,1538528594472,61,0
460000095074476402,1538527943538,1538532359840,56,60
460000095074476402,1538532359840,1538534850696,60,59
460000095079109575,1538521581546,1538528566519,687,13
460000095079109575,1538529905724,1538531611821,13,112
460000095079109575,1538531611821,1538531832056,112,684
460000095079109575,1538533885010,1538540451471,682,34
460000095079109575,1538540451471,1538540499252,34,686
460000095079109575,1538540503047,1538541073949,686,685
460000095079109575,1538541073949,1538542180355,685,683
460000095080923032,1538496406647,1538500866062,49,293
460000095080923032,1538499175990,1538500589043,1300,183
460000095080923032,1538538270865,1538539824430,1302,705
460000095080923032,1538539824430,1538539921338,705,756
460000095080923032,1538539921338,1538546949352,756,1250
460000095080923032,1538548853948,1538552538682,1304,1087
460000095080923032,1538561782045,1538561978475,1123,1211
460000095080923032,1538561978475,1538567420190,1211,153
460000095080923032,1538567420190,1538568299861,153,155
460000095080923032,1538568299861,1538572292115,155,139
460000095080923032,1538572292115,1538572555827,139,7
460000095080923032,1538572555827,1538572980951,7,649
460000095080923032,1538572980951,1538573652771,649,1303
460000095080923032,1538573652771,1538574744291,1303,1300
460000095080958864,1538552501341,1538558795906,649,647
460000095080958864,1538557569875,1538559189236,649,650
460000095080958864,1538559189236,1538560642577,650,316
460000095080958864,1538564829078,1538571774866,385,616
460000095080958864,1538568325667,1538572921796,657,75
460000095080958864,1538572921796,1538577684126,75,658
460000095080958864,1538576552739,1538578298094,390,64
460000095080968055,1538513272325,1538514198195,386,280
460000095080968055,1538514198195,1538514944181,280,634
460000095080968055,1538514944181,1538515218787,634,930
460000095080968055,1538515218787,1538516319072,930,870
460000095080968055,1538516319072,1538516742900,870,436
460000095080968055,1538516742900,1538520742600,436,382
460000095080968055,1538517589359,1538518674171,382,694
460000095080968055,1538518674171,1538520842750,694,1038
460000095080968055,1538520842750,1538522555615,1038,721
460000095080968055,1538523648850,1538524077050,721,1036
460000095080968055,1538524077050,1538526686816,1036,386
460000095080968055,1538526686816,1538528051226,386,280
460000095080968055,1538527851967,1538531551073,280,1041
460000095080968055,1538529013182,1538531645690,1041,1042
460000095080968055,1538531645690,1538534582593,1042,800
460000095080968055,1538540584113,1538546630784,800,1039
460000095080968055,1538543790021,1538548147131,1039,1040
460000095080968055,1538546177576,1538548546112,382,280
460000095080968055,1538554795018,1538555110721,280,800
460000095080968055,1538555110721,1538556348207,800,386
460000095080968055,1538556431581,1538557173868,386,476
460000095080968055,1538557113252,1538557651856,484,76
460000095080968055,1538557661087,1538560813625,76,131
460000095080968055,1538573787171,1538575095252,131,1043
460000095080968055,1538575095252,1538576279605,1043,1041
460000095080968055,1538576279605,1538576884172,1041,721
460000095080968055,1538576884172,1538578268671,721,280
460000095083402469,1538560993245,1538566717799,112,10
460000095083402469,1538566917386,1538571088870,10,173
460000095083402469,1538570408750,1538575583836,173,168
460000095083402469,1538575583836,1538578860604,168,173
460000095083402469,1538578860604,1538579477377,173,168
460000095083457844,1538549433562,1538549561729,479,471
460000095083457844,1538549561729,1538549614666,471,488
460000095083457844,1538549614666,1538550344708,488,63
460000095083457844,1538550344708,1538551552830,63,472
460000095083457844,1538551139037,1538552536845,333,489
460000095083457844,1538552066644,1538553629460,486,474
460000095083457844,1538553422017,1538554425217,480,117
460000095083457844,1538554425217,1538554662596,117,475
460000095083457844,1538554662596,1538560568961,475,468
460000095083457844,1538566916663,1538567695862,460,483
460000095083457844,1538567695862,1538567820282,483,477
460000095083457844,1538567820282,1538567834770,477,491
460000095083457844,1538567834770,1538568183632,491,482
460000095083457844,1538568183632,1538568346166,482,292
460000095083457844,1538568346321,1538568546084,292,485
460000095083457844,1538568546084,1538569782922,485,476
460000095083457844,1538569666705,1538570244651,484,74
460000095083457844,1538570290254,1538574400553,74,112
460000095083457844,1538570918884,1538576516720,112,478
460000095083457844,1538576516720,1538576844111,478,112
460000095083470449,1538496530100,1538499674959,707,166
460000095083470449,1538499674959,1538500025834,166,1004
460000095083470449,1538499797146,1538500663365,1014,1011
460000095083470449,1538500663365,1538500990994,1011,806
460000095083470449,1538500990994,1538500992030,806,684
460000095083470449,1538500992030,1538501207239,684,442
460000095083470449,1538501207239,1538501276853,442,1007
460000095083470449,1538501276853,1538502852959,1007,1019
460000095083470449,1538534197596,1538536420389,176,123
460000095083470449,1538536420389,1538538759536,123,147
460000095083470449,1538546290349,1538551923170,1016,1004
460000095083470449,1538551923170,1538556244539,1004,1012
460000095083470449,1538567207001,1538567515446,806,452
460000095083470449,1538567515446,1538567752439,452,607
460000095083470449,1538567752439,1538568791252,607,634
460000095083470449,1538568105844,1538569472475,653,59
460000095083470449,1538569812160,1538571259825,59,14
460000095083470449,1538570509255,1538575600479,1023,1008
460000095083470449,1538572754744,1538576091283,1018,1024
460000095083470449,1538576091283,1538576197293,1024,649
460000095083470449,1538576197293,1538578409457,649,1005
460000095083470449,1538577212264,1538580559200,301,495
460000095083470449,1538578988918,1538581250437,56,356
460000095083470449,1538581250437,1538582133866,356,36
460000095083499334,1538546450706,1538547507462,494,498
460000095083499334,1538547507462,1538547875875,498,544
460000095083499334,1538547875875,1538547882598,544,523
460000095083499334,1538547882598,1538547969265,523,543
460000095083499334,1538547969265,1538550250208,543,549
460000095083499334,1538549970857,1538550704387,517,1
460000095083499334,1538550704387,1538552197047,1,286
460000095083499334,1538552197047,1538553014496,286,500
460000095083499334,1538553014496,1538553274213,500,501
460000095083499334,1538553274213,1538554063116,501,502
460000095083499334,1538554063116,1538554180619,502,172
460000095083499334,1538554180619,1538554482939,172,14
460000095083499334,1538554482939,1538554949392,14,351
460000095083499334,1538554949392,1538555416138,351,503
460000095083499334,1538555416138,1538555738228,503,531
460000095083499334,1538555738228,1538556067349,531,61
460000095083499334,1538556067349,1538556214403,61,5
460000095083499334,1538556214403,1538557266769,5,504
460000095083499334,1538556975167,1538558630337,518,524
460000095083499334,1538558630337,1538558783353,524,519
460000095083499334,1538558783353,1538558848723,519,506
460000095083499334,1538558848723,1538559185420,506,505
460000095083499334,1538559185420,1538559832776,505,520
460000095083499334,1538559832776,1538562707998,520,507
460000095083499334,1538561513456,1538561978172,555,117
460000095083499334,1538561978172,1538562830703,117,120
460000095083499334,1538562830703,1538563733237,120,525
460000095083499334,1538563524226,1538564238457,537,521
460000095083499334,1538564238457,1538564801061,521,458
460000095083499334,1538564801061,1538565069646,458,509
460000095083499334,1538565069646,1538566197295,509,527
460000095083499334,1538566197295,1538566488493,527,528
460000095083499334,1538566449414,1538566682325,528,553
460000095083499334,1538566682325,1538566990249,553,556
460000095083499334,1538566865038,1538567904449,511,533
460000095083499334,1538567904449,1538568319653,533,276
460000095083499334,1538568356021,1538568707940,276,540
460000095083499334,1538568707940,1538568829564,540,120
460000095083499334,1538568829564,1538570131861,120,541
460000095083499334,1538570131861,1538570230473,541,536
460000095083499334,1538570230473,1538570541463,536,512
460000095083499334,1538570541463,1538570590190,512,535
460000095083499334,1538570590190,1538571083809,535,557
460000095083499334,1538571083809,1538571737560,557,546
460000095083499334,1538571737560,1538572115747,546,529
460000095083499334,1538572115747,1538572884578,529,513
460000095083499334,1538572884578,1538573221446,513,317
460000095083499334,1538573221446,1538573623796,317,131
460000095083499334,1538573623796,1538573954296,131,61
460000095083499334,1538573954296,1538576332611,61,530
460000095083499334,1538574194857,1538577022709,531,558
460000095083499334,1538575259619,1538578293693,69,548
460000095083499334,1538577366525,1538577659657,532,504
460000095083499334,1538577659657,1538578512282,504,517
460000095083499334,1538578512282,1538580301888,517,347
460000095083499334,1538579177543,1538582114116,545,347
460000095083818745,1538531338567,1538534974246,806,455
460000095083818745,1538544001150,1538546888685,445,901
460000095083818745,1538544472278,1538549222648,1366,445
460000095083818745,1538548178579,1538549814725,1363,1082
460000095083818745,1538580319518,1538581956228,10,14
460000095084416880,1538502383530,1538502823505,293,194
460000095084416880,1538502823505,1538503597021,194,606
460000095084416880,1538503597021,1538504708193,606,593
460000095084416880,1538504708193,1538504909170,593,599
460000095084416880,1538504909170,1538507496337,599,82
460000095084416880,1538507496337,1538507960549,82,179
460000095084416880,1538507960549,1538509487724,179,569
460000095084416880,1538509487724,1538513486640,569,570
460000095084416880,1538509735438,1538514621626,120,585
460000095084416880,1538514621626,1538514808227,585,594
460000095084416880,1538514808227,1538514903577,594,568
460000095084416880,1538514903577,1538515442349,568,591
460000095084416880,1538515442349,1538516338670,591,574
460000095084416880,1538516338670,1538516965065,574,595
460000095084416880,1538516965065,1538517775855,595,567
460000095084416880,1538552725225,1538553592859,567,574
460000095084416880,1538553592859,1538554183163,574,585
460000095084416880,1538554183163,1538554439509,585,117
460000095084416880,1538554439509,1538554880518,117,609
460000095084416880,1538554880518,1538556054051,609,610
460000095084416880,1538556054051,1538556277006,610,559
460000095084416880,1538556277006,1538556458357,559,571
460000095084416880,1538556458357,1538556541835,571,560
460000095084416880,1538556541835,1538557079434,560,561
460000095084416880,1538557079463,1538557781028,561,588
460000095084416880,1538557309670,1538559045474,277,563
460000095084416880,1538558552289,1538559424722,573,582
460000095084416880,1538559424722,1538559491032,582,592
460000095084416880,1538559491032,1538560193229,592,572
460000095084416880,1538560209850,1538560793143,572,587
460000095084416880,1538560793143,1538560960354,587,578
460000095084416880,1538560960354,1538562451079,578,575
460000095084416880,1538561248851,1538563293387,144,612
460000095084416880,1538563293387,1538565167054,612,614
460000095084416880,1538565167054,1538565795063,614,308
460000095084416880,1538565795063,1538566144353,308,600
460000095084416880,1538566144353,1538566602325,600,187
460000095084416880,1538566528917,1538566995664,219,14
460000095084416880,1538566995664,1538567930881,14,607
460000095084416880,1538567930881,1538568328604,607,613
460000095084416880,1538568328604,1538569614577,613,399
460000095084416880,1538569614577,1538569994035,399,74
460000095084416880,1538569994035,1538570763703,74,602
460000095084416880,1538570763703,1538571043824,602,601
460000095084416880,1538571043824,1538571587286,601,578
460000095084416880,1538571587286,1538571935469,578,615
460000095084416880,1538571935469,1538575000137,615,579
460000095084416880,1538573027846,1538578173882,579,268
460000095084416880,1538575960527,1538576734501,82,380
460000095084416880,1538576734501,1538577090363,380,581
460000095084416880,1538576841338,1538577407436,604,582
460000095084416880,1538577407436,1538578809832,582,603
460000095084416880,1538578809832,1538579185736,603,616
460000095084416880,1538579185736,1538579551898,616,583
460000095084416880,1538579551898,1538580176319,583,280
460000095084416880,1538579997706,1538580989801,589,576
460000095084416880,1538580386775,1538581160053,332,605
460000095084416880,1538581160053,1538581540391,605,584
460000095084416880,1538581284454,1538581828637,566,617
460000095084420542,1538524847502,1538528008416,395,1033
460000095084420542,1538528331913,1538529260191,1033,76
460000095084420542,1538529260191,1538530561950,76,635
460000095084420542,1538572538978,1538574250494,635,56
460000095084420542,1538574250494,1538574320715,56,43
460000095084486097,1538523393915,1538528288902,67,68
460000095084486097,1538527412177,1538530671211,88,90
460000095084486097,1538536532307,1538536974809,72,86
460000095084486097,1538536974809,1538541200459,86,82
460000095084486097,1538559339240,1538559584840,74,59
460000095084486097,1538559584840,1538561335845,59,89
460000095084486097,1538575679413,1538576379545,80,67
460000095084486097,1538576379545,1538581936167,67,85
460000095084492531,1538549884405,1538550711114,626,408
460000095084492531,1538550711114,1538553019136,408,623
460000095084492531,1538551401366,1538556604089,619,625
460000095084492531,1538568016294,1538569674595,622,351
460000095084492531,1538569462577,1538569761814,112,62
460000095084492531,1538573949100,1538579189608,62,618
460000095084494779,1538496302031,1538499803973,444,1027
460000095084494779,1538549599644,1538549973967,1027,689
460000095084494779,1538549973967,1538550782622,689,1031
460000095084494779,1538550782622,1538552100605,1031,1030
460000095084494779,1538551990614,1538552497208,1025,61
460000095084494779,1538552497208,1538556525433,61,514
460000095084494779,1538553583702,1538559176301,514,10
460000095084494779,1538567332210,1538567464147,10,253
460000095084494779,1538567464147,1538571601874,253,10
460000095084494779,1538570016110,1538572156155,10,658
460000095084494779,1538572156155,1538572889560,658,1028
460000095084494779,1538572889560,1538574465911,1028,1026
460000095084995924,1538497363761,1538497919489,189,200
460000095084995924,1538497919489,1538498222290,200,191
460000095084995924,1538498222290,1538498266138,191,183
460000095084995924,1538498266138,1538498420134,183,169
460000095084995924,1538498420134,1538498483374,169,211
460000095084995924,1538498483374,1538498529866,211,212
460000095084995924,1538498529866,1538498619134,212,213
460000095084995924,1538498619134,1538499383844,213,150
460000095084995924,1538499383844,1538500156734,150,168
460000095084995924,1538518108543,1538518336246,175,190
460000095084995924,1538571520273,1538573016036,177,199
460000095084995924,1538572836730,1538575239383,210,203
460000095084995924,1538573971740,1538576363958,178,216
460000095084995924,1538574516992,1538575960055,183,169
460000095084995924,1538575604965,1538577203300,170,185
460000095084995924,1538576893330,1538578675956,176,192
460000095084995924,1538577517708,1538578902686,194,180
460000095084995924,1538578902686,1538579334011,180,120
460000095084995924,1538579213268,1538579570295,208,195
460000095084995924,1538579570295,1538580129769,195,126
460000095084995924,1538580129769,1538580624419,126,204
460000095084995924,1538580402524,1538580930150,181,196
460000095084995924,1538580930150,1538582147106,196,187
460000095090129828,1538528156432,1538532400034,770,674
460000095090129828,1538532345585,1538533657816,291,786
460000095090129828,1538533657816,1538534065762,786,561
460000095090129828,1538534065762,1538534149564,561,771
460000095090129828,1538534149564,1538536755591,771,772
460000095090129828,1538534207370,1538537146972,788,376
460000095090129828,1538537146972,1538537715798,376,11
460000095090129828,1538537715798,1538538284209,11,69
460000095090129828,1538538284209,1538539620235,69,783
460000095090129828,1538539620235,1538540513049,783,800
460000095090129828,1538540513049,1538540765025,800,795
460000095090129828,1538540765025,1538540994716,795,790
460000095090129828,1538540994716,1538541144159,790,784
460000095090129828,1538541144159,1538541144171,784,796
460000095090129828,1538541144171,1538541309550,796,791
460000095090129828,1538541309550,1538541585640,791,789
460000095090129828,1538541585640,1538541708355,789,792
460000095090129828,1538541708355,1538542295440,792,801
460000095090129828,1538542295440,1538542557746,801,785
460000095090129828,1538542557746,1538543109388,785,773
460000095090129828,1538543118718,1538543605809,773,774
460000095090129828,1538543605809,1538543752613,774,798
460000095090129828,1538554414641,1538556155925,775,243
460000095090129828,1538556155925,1538559395042,243,778
460000095090129828,1538556858644,1538559432261,239,803
460000095090129828,1538559432261,1538559865605,803,236
460000095090129828,1538559703747,1538559855640,236,243
460000095090129828,1538559855640,1538559871163,243,249
460000095090129828,1538559871163,1538559936978,249,247
460000095090129828,1538559936978,1538560093702,247,776
460000095090129828,1538560093702,1538560146142,776,780
460000095090129828,1538560146142,1538560312623,780,787
460000095090129828,1538560312623,1538560818015,787,804
460000095090129828,1538560818015,1538561025646,804,781
460000095090129828,1538561025646,1538561163244,781,799
460000095090129828,1538561163244,1538561176682,799,802
460000095090129828,1538561193515,1538561525994,802,777
460000095090129828,1538561525994,1538562655142,777,782
460000095090129828,1538562655142,1538564178749,782,148
460000095090129828,1538564178749,1538566250493,148,527
460000095090129828,1538566108744,1538569467242,43,56
460000095090129828,1538577542441,1538577664396,793,705
460000095090129828,1538577664396,1538578073206,705,673
460000095090129828,1538578021786,1538578233014,210,797
460000095090129828,1538578233014,1538578633362,797,770
460000095090191628,1538529703096,1538533142330,142,158
460000095090191628,1538533142330,1538533266818,158,160
460000095090191628,1538533266818,1538533540773,160,152
460000095090191628,1538533540773,1538534979771,152,146
460000095090191628,1538534979771,1538535427184,146,149
460000095090191628,1538535427184,1538535667519,149,154
460000095090191628,1538535667519,1538537564305,154,137
460000095090191628,1538537380030,1538539253074,137,147
460000095090191628,1538539253074,1538539414822,147,150
460000095090191628,1538539434913,1538539542344,150,159
460000095090191628,1538539542344,1538539638251,159,145
460000095090191628,1538539638251,1538540982044,145,148
460000095090191628,1538540982044,1538543611172,148,138
460000095090191628,1538564861618,1538570528763,141,144
460000095090191628,1538570528763,1538570853528,144,12
460000095090191628,1538570853528,1538575103026,12,56
460000095090758498,1538514076054,1538515274834,1083,1089
460000095090758498,1538515274834,1538516501723,1089,898
460000095090758498,1538516501723,1538519787398,898,1088
460000095090758498,1538519787398,1538520606246,1088,634
460000095090758498,1538559555180,1538562549385,379,1087
460000095090758498,1538562193032,1538562928564,1076,1078
460000095090758498,1538562928564,1538563112027,1078,181
460000095090758498,1538563112027,1538567741577,181,535
460000095090758498,1538576147265,1538582156625,25,915
460000095091180583,1538496134860,1538498243352,636,644
460000095091180583,1538498243352,1538498376744,644,645
460000095091180583,1538498376744,1538505409822,645,457
460000095091180583,1538534542636,1538539403171,630,629
460000095091180583,1538542399217,1538548865449,155,639
460000095091180583,1538548865449,1538552415455,639,629
460000095091180583,1538552415455,1538554350883,629,517
460000095091180583,1538554350883,1538554755603,517,637
460000095091180583,1538554755603,1538556171656,637,627
460000095091180583,1538554918314,1538559994489,93,628
460000095093417729,1538498323945,1538501183030,460,463
460000095093417729,1538525837505,1538532460498,463,460
460000095093417729,1538532460498,1538533743341,460,466
460000095093417729,1538533743341,1538535180430,466,180
460000095093417729,1538534917155,1538535849546,276,462
460000095093417729,1538535849546,1538538276590,462,459
460000095093417729,1538544860644,1538549356865,459,397
460000095093417729,1538549356865,1538549573840,397,437
460000095093417729,1538549573840,1538555472965,437,397
460000095093417729,1538561251145,1538566141384,397,461
460000095093417729,1538563863646,1538568107903,14,467
460000095093417729,1538568107903,1538575051830,467,437
460000095093417729,1538571951113,1538577036286,397,465
460000095093417729,1538577036286,1538578995253,465,397
460000095093938695,1538564111485,1538567662203,684,806
460000095093938695,1538566354320,1538568001630,684,397
460000095093938695,1538568001630,1538571249472,397,253
460000095093938695,1538571249472,1538573077835,253,1
460020095000586650,1538552543585,1538558068886,377,191
460020095000586650,1538556726005,1538558848980,378,379
460020095000586650,1538558865992,1538559189476,379,381
460020095000586650,1538559189476,1538560225485,381,179
460020095000586650,1538560225485,1538567051834,179,131
460020095000586650,1538571017334,1538571023605,380,376
460020095000586650,1538571023605,1538572483432,376,377
460020095000636300,1538522201163,1538523047955,968,956
460020095000636300,1538523047955,1538523406475,956,962
460020095000636300,1538523406475,1538523710046,962,957
460020095000636300,1538523710046,1538523853646,957,965
460020095000636300,1538523853646,1538524766198,965,972
460020095000636300,1538524766198,1538524782529,972,969
460020095000636300,1538524782529,1538525949927,969,241
460020095000636300,1538525949927,1538526093585,241,964
460020095000636300,1538526093585,1538528121806,964,572
460020095000636300,1538541684695,1538542883549,971,11
460020095000636300,1538542883549,1538543132915,11,10
460020095000636300,1538543132915,1538543870085,10,513
460020095000636300,1538543663896,1538544151827,68,966
460020095000636300,1538544151827,1538544686289,966,923
460020095000636300,1538544686289,1538544686360,923,967
460020095000636300,1538544686360,1538548290670,967,954
460020095000636300,1538548290670,1538548438144,954,960
460020095000636300,1538548438144,1538548916823,960,955
460020095000636300,1538548742580,1538549372342,845,960
460020095000636300,1538549372342,1538549718622,960,970
460020095000636300,1538570439922,1538570612028,583,655
460020095000646396,1538496083218,1538499318638,756,352
460020095000646396,1538496357032,1538498649451,397,1493
460020095000646396,1538498649451,1538499393164,1493,332
460020095000646396,1538499393164,1538501114453,332,550
460020095000646396,1538499471729,1538503678234,603,484
460020095000646396,1538551511333,1538551789806,1494,800
460020095000646396,1538551789806,1538553326837,800,133
460020095000646396,1538553212132,1538553571921,1031,1513
460020095000646396,1538553571921,1538553959393,1513,1049
460020095000646396,1538553837038,1538554390736,1049,436
460020095000646396,1538554390736,1538554834940,436,602
460020095000646396,1538554834940,1538555326383,602,532
460020095000646396,1538554986562,1538557341418,548,1500
460020095000646396,1538555737385,1538558096128,457,300
460020095000646396,1538558096128,1538559119917,300,1049
460020095000646396,1538559119917,1538559933788,1049,476
460020095000646396,1538559933788,1538560408610,476,1159
460020095000646396,1538560324273,1538560531701,1159,1495
460020095000646396,1538560531701,1538560635093,1495,1501
460020095000646396,1538560635093,1538562014609,1501,607
460020095000646396,1538562014609,1538562681438,607,1505
460020095000646396,1538562681438,1538563359747,1505,351
460020095000646396,1538563359747,1538564360906,351,1049
460020095000646396,1538563960018,1538564740167,1518,758
460020095000646396,1538564740167,1538564879791,758,721
460020095000646396,1538564879791,1538565528684,721,1249
460020095000646396,1538565528684,1538565700927,1249,1517
460020095000646396,1538565700927,1538566006208,1517,923
460020095000646396,1538566006208,1538566181523,923,655
460020095000646396,1538566181523,1538567701546,655,10
460020095000646396,1538567701546,1538568556382,10,61
460020095000646396,1538568229527,1538569624311,5,186
460020095000646396,1538569624311,1538569714571,186,45
460020095000646396,1538569714571,1538569733707,45,356
460020095000646396,1538569733707,1538569979788,356,938
460020095000646396,1538569970300,1538570217799,286,1482
460020095000646396,1538570217799,1538570280547,1482,1514
460020095000646396,1538570280547,1538570563065,1514,381
460020095000646396,1538570563065,1538571031191,381,535
460020095000646396,1538571031191,1538571910871,535,1486
460020095000646396,1538571397737,1538573065024,1489,911
460020095000646396,1538572615467,1538573518459,638,397
460020095000646396,1538573518459,1538573521369,397,437
460020095000646396,1538573521369,1538573715244,437,255
460020095000646396,1538573595376,1538579354885,642,219
460020095000646396,1538576397948,1538579512198,300,602
460020095000646396,1538579512198,1538579957510,602,634
460020095000646396,1538579893117,1538580176681,607,732
460020095000646396,1538580176681,1538580386763,732,672
460020095000646396,1538580386763,1538580672845,672,742
460020095000646396,1538580672845,1538580968714,742,1370
460020095000646396,1538580968714,1538582118021,1370,757
460020095001192336,1538510563167,1538515269826,0,62
460020095001192336,1538529406230,1538531213177,10,80
460020095001192336,1538530629717,1538533018477,75,1238
460020095001192336,1538548934549,1538554726023,10,0
460020095001645387,1538514389935,1538517292480,436,642
460020095001645387,1538517374495,1538520384298,642,434
460020095001645387,1538527194993,1538533318932,642,255
460020095001645387,1538556216144,1538558943302,13,757
460020095001645387,1538558943302,1538564553784,757,527
460020095002685457,1538551574437,1538558474426,207,809
460020095002685457,1538555347030,1538561997186,6,809
460020095002685457,1538575063899,1538579193349,810,207
460020095002693054,1538565137511,1538569618720,914,911
460020095002693054,1538569618720,1538573170703,911,449
460020095002752094,1538539218307,1538539877422,920,624
460020095002752094,1538539877422,1538541161508,624,314
460020095002752094,1538541161508,1538541735072,314,318
460020095002752094,1538541577298,1538542438485,495,486
460020095002752094,1538542438485,1538543244161,486,441
460020095002752094,1538542690830,1538544282119,441,317
460020095002752094,1538544282119,1538544642035,317,730
460020095002752094,1538544642035,1538545200749,730,655
460020095002752094,1538545200749,1538545219217,655,919
460020095002752094,1538545219217,1538547769763,919,920
460020095002752094,1538546039697,1538548795221,934,919
460020095002752094,1538548795221,1538548863449,919,655
460020095002752094,1538548863449,1538549133697,655,314
460020095002752094,1538549133697,1538549313981,314,730
460020095002752094,1538549329790,1538549880076,730,930
460020095002752094,1538549880076,1538549992204,930,186
460020095002752094,1538549992204,1538551984672,186,89
460020095002752094,1538551984672,1538552163832,89,930
460020095002752094,1538552163832,1538552511618,930,576
460020095002752094,1538552511618,1538552872913,576,864
460020095002752094,1538552872913,1538553318990,864,935
460020095002752094,1538553318990,1538553498283,935,919
460020095002752094,1538553498283,1538554349823,919,920
460020095002752094,1538554349823,1538556282990,920,924
460020095002752094,1538554998466,1538556671737,921,920
460020095002752094,1538556671737,1538556908571,920,927
460020095002752094,1538556908571,1538557108119,927,923
460020095002752094,1538557233221,1538558666439,923,10
460020095002752094,1538558666439,1538559011549,10,486
460020095002752094,1538559011549,1538561039455,486,317
460020095002752094,1538560786854,1538561426908,318,314
460020095002752094,1538561426908,1538561698853,314,655
460020095002752094,1538561698853,1538561828148,655,280
460020095002752094,1538561828148,1538562266680,280,928
460020095002752094,1538562266680,1538562418038,928,927
460020095002752094,1538562418038,1538562702129,927,918
460020095002752094,1538562735060,1538563503102,918,924
460020095002752094,1538563503102,1538566315332,924,920
460020095002752094,1538566315332,1538569572510,920,809
460020095002752094,1538569572510,1538570374857,809,864
460020095002752094,1538570374857,1538570488056,864,314
460020095002752094,1538570488056,1538572758150,314,927
460020095002752094,1538571078151,1538572168822,917,924
460020095002752094,1538572168822,1538572573465,924,921
460020095002752094,1538574465015,1538581067541,925,724
460020095002752094,1538581067541,1538581086416,724,926
460020095002752094,1538581086416,1538581643218,926,923
460020095002765063,1538548244393,1538549001295,942,940
460020095002765063,1538549001677,1538549239231,940,641
460020095002765063,1538549308409,1538549688055,641,785
460020095002765063,1538549688055,1538549814896,785,875
460020095002765063,1538549964894,1538550276763,875,415
460020095002765063,1538550276763,1538550534580,415,950
460020095002765063,1538550534580,1538551373907,950,796
460020095002765063,1538551373907,1538551874204,796,948
460020095002765063,1538552845376,1538553095129,948,834
460020095002765063,1538553095129,1538553127677,834,951
460020095002765063,1538553127677,1538555739838,951,941
460020095002765063,1538565356979,1538566452970,944,460
460020095002765063,1538566452970,1538566971317,460,585
460020095002765063,1538566971317,1538568105225,585,937
460020095002765063,1538567359242,1538568449108,949,945
460020095002765063,1538568449108,1538569058645,945,480
460020095002765063,1538568728694,1538569316095,126,938
460020095002765063,1538569316095,1538569380085,938,939
460020095003693826,1538545849574,1538547908515,954,845
460020095003693826,1538547908515,1538550016464,845,10
460020095003693826,1538550016464,1538553326141,10,6
460020095003693826,1538558232765,1538564201938,13,6
460020095003693826,1538568306793,1538573921423,10,6
460020095004258157,1538558246488,1538560364023,1171,1168
460020095004258157,1538560364023,1538560448518,1168,1172
460020095004258157,1538560448518,1538561682243,1172,1173
460020095004258157,1538561682243,1538561703779,1173,1169
460020095004258157,1538561703779,1538562937667,1169,674
460020095004258157,1538562937667,1538563554425,674,673
460020095004258157,1538563554425,1538564864536,673,462
460020095004258157,1538564405566,1538569663940,112,270
460020095004730821,1538496140400,1538496277449,288,179
460020095004730821,1538496277449,1538496746406,179,294
460020095004730821,1538496563915,1538497558423,599,1429
460020095004730821,1538497558423,1538497777985,1429,1426
460020095004730821,1538497948852,1538498110082,1426,1442
460020095004730821,1538498110082,1538498163276,1442,1430
460020095004730821,1538498163276,1538499021480,1430,1431
460020095004730821,1538499089445,1538499737318,1431,1401
460020095004730821,1538499737318,1538499893436,1401,1433
460020095004730821,1538499893436,1538503201576,1433,1402
460020095004730821,1538503201576,1538504738590,1402,838
460020095004730821,1538503543724,1538504184856,1403,543
460020095004730821,1538504184856,1538504878202,543,1436
460020095004730821,1538504878202,1538505045515,1436,1358
460020095004730821,1538505045515,1538505113350,1358,1434
460020095004730821,1538505113350,1538506230071,1434,730
460020095004730821,1538506230071,1538506587937,730,636
460020095004730821,1538506587937,1538506952707,636,8
460020095004730821,1538506888034,1538509422605,504,1435
460020095004730821,1538507461829,1538509689525,1406,1414
460020095004730821,1538509689525,1538510150427,1414,1407
460020095004730821,1538552141060,1538555160171,1428,1427
460020095004730821,1538555160171,1538555719497,1427,1409
460020095004730821,1538555719497,1538555848744,1409,1410
460020095004730821,1538555848744,1538556146690,1410,1341
460020095004730821,1538556146690,1538556211194,1341,1437
460020095004730821,1538556211194,1538556334754,1437,861
460020095004730821,1538556334754,1538556479080,861,529
460020095004730821,1538556479080,1538556912224,529,161
460020095004730821,1538556912224,1538557268844,161,509
460020095004730821,1538557268844,1538557478012,509,1419
460020095004730821,1538557478012,1538558061913,1419,1441
460020095004730821,1538558054466,1538558527246,333,730
460020095004730821,1538558527246,1538558682568,730,558
460020095004730821,1538558682568,1538559235041,558,58
460020095004730821,1538559093088,1538560100453,56,462
460020095004730821,1538560100453,1538560498382,462,1265
460020095004730821,1538560498382,1538560620887,1265,1058
460020095004730821,1538560620887,1538560742547,1058,408
460020095004730821,1538560742547,1538561760617,408,749
460020095004730821,1538560956451,1538561954893,431,511
460020095004730821,1538562134623,1538562347910,511,1411
460020095004730821,1538562347910,1538562457884,1411,1412
460020095004730821,1538562457884,1538562630463,1412,515
460020095004730821,1538562630463,1538563645634,515,1049
460020095004730821,1538562810845,1538564222532,642,253
460020095004730821,1538563918505,1538565187816,11,1443
460020095004730821,1538565187816,1538565359014,1443,569
460020095004730821,1538565359014,1538565500231,569,1422
460020095004730821,1538565500231,1538565720953,1422,1417
460020095004730821,1538565772691,1538565957071,1417,1421
460020095004730821,1538565957071,1538566331812,1421,1445
460020095004730821,1538566331812,1538567249398,1445,480
460020095004730821,1538567220310,1538568391564,126,1413
460020095004730821,1538568391564,1538568876144,1413,1068
460020095004730821,1538568876144,1538569836695,1068,901
460020095004730821,1538569135320,1538569718389,806,1423
460020095004730821,1538569718389,1538570975260,1423,59
460020095004730821,1538570975260,1538572966987,59,1444
460020095004730821,1538572966987,1538573722968,1444,1414
460020095004730821,1538573946016,1538574385382,1414,846
460020095004730821,1538574385382,1538574499136,846,1424
460020095004730821,1538574499136,1538574577082,1424,861
460020095004730821,1538574577082,1538574691282,861,529
460020095004730821,1538574691282,1538576873713,529,280
460020095004730821,1538575331639,1538577719513,1235,1358
460020095004730821,1538577719513,1538578066889,1358,74
460020095004730821,1538578066889,1538578171496,74,5
460020095004730821,1538578171496,1538579688528,5,484
460020095004730821,1538579688528,1538580361826,484,531
460020095004730821,1538580035920,1538582168814,1272,757
460020095004730821,1538580572635,1538581607280,462,1363
460020095004751842,1538541348836,1538545314259,397,348
460020095004751842,1538545314259,1538547938092,348,398
460020095004751842,1538564681922,1538571747545,80,56
460020095006349317,1538496354454,1538498671776,56,3
460020095006349317,1538498671776,1538500884550,3,441
460020095006349317,1538499926568,1538504493920,1131,73
460020095006349317,1538504307864,1538509254342,1133,1135
460020095006349317,1538506507644,1538512914085,1135,600
460020095006349317,1538535612233,1538541709813,156,139
460020095006349317,1538552428826,1538553467023,1136,139
460020095006349317,1538562043391,1538563169147,1134,268
460020095006349317,1538563252076,1538564493477,268,582
460020095006349317,1538568606839,1538572700207,582,10
460020095009127182,1538533138182,1538533587368,873,641
460020095009127182,1538533587368,1538533712598,641,874
460020095009127182,1538533712598,1538534204385,874,875
460020095009127182,1538534204385,1538535571159,875,335
460020095009127182,1538535571159,1538536610290,335,60
460020095009127182,1538536610290,1538537045161,60,473
460020095009127182,1538536914418,1538539459088,304,317
460020095009127182,1538568554202,1538574265784,317,513
460020095009713959,1538531594952,1538533698944,1187,156
460020095009713959,1538532306812,1538538242544,302,139
460020095009713959,1538536854379,1538541938378,156,139
460020095009713959,1538552365284,1538554543149,7,648
460020095009713959,1538563603591,1538567274212,1186,397
460020095013629082,1538496302688,1538502723565,56,602
460020095013629082,1538502723565,1538502853487,602,601
460020095013629082,1538502853487,1538502874389,601,637
460020095013629082,1538502874389,1538509672026,637,1408
460020095013629082,1538566676210,1538570493925,1408,1446
460020095013629082,1538573170844,1538579014664,1328,1437
460020095013629082,1538577543531,1538579849335,1450,909
460020095013629082,1538579849335,1538579935040,909,1132
460020095013629082,1538579935040,1538580060075,1132,916
460020095013629082,1538580060075,1538582130611,916,56
460020095019213379,1538555076858,1538555674039,1149,1150
460020095019213379,1538555674039,1538557681496,1150,794
460020095019213379,1538557681496,1538560293977,794,535
460020095019213379,1538558104876,1538563801046,1147,562
460020095019213379,1538562175210,1538564804511,584,317
460020095019213379,1538564933060,1538565582814,317,43
460020095019213379,1538568502210,1538572879827,131,1152
460020095019361156,1538513891055,1538519772218,812,811
460020095019361156,1538520169664,1538526868798,811,812
460020095019361156,1538543786693,1538547281214,811,831
460020095019361156,1538546773193,1538551315548,815,816
460020095019361156,1538549796451,1538556323058,817,811
460020095019361156,1538551962764,1538557333240,813,825
460020095019361156,1538557333240,1538557784331,825,823
460020095019361156,1538557784331,1538558292389,823,833
460020095019361156,1538558292389,1538558778169,833,818
460020095019361156,1538558778169,1538559014448,818,822
460020095019361156,1538559014448,1538559271099,822,832
460020095019361156,1538559271099,1538559512374,832,834
460020095019361156,1538559512374,1538559719785,834,790
460020095019361156,1538559719785,1538559862880,790,824
460020095019361156,1538559862880,1538561731134,824,634
460020095019361156,1538561731134,1538561762721,634,255
460020095019361156,1538561762721,1538563192923,255,348
460020095019361156,1538563192923,1538564114490,348,56
460020095019361156,1538564114490,1538569368485,56,667
460020095019361156,1538566266962,1538570647497,56,827
460020095019361156,1538570647497,1538572566333,827,39
460020095019361156,1538572566333,1538572840958,39,828
460020095019361156,1538572840958,1538573190661,828,823
460020095019361156,1538573190661,1538576593692,823,819
460020095020693878,1538554708112,1538554894131,261,262
460020095020693878,1538554894131,1538555146334,262,259
460020095020693878,1538555146334,1538556276476,259,257
460020095020693878,1538556276476,1538557082431,257,260
460020095020693878,1538557082431,1538557267327,260,264
460020095020693878,1538557267327,1538557547803,264,160
460020095020693878,1538557547803,1538558934738,160,254
460020095020693878,1538558934738,1538561310903,254,258
460020095020693878,1538561310903,1538561808647,258,263
460020095020693878,1538561808647,1538562147628,263,255
460020095020693878,1538562147628,1538565509528,255,0
460020095020693878,1538565509528,1538566691749,0,64
460020095020693878,1538569144320,1538569321173,64,131
460020095020826206,1538537355292,1538541335566,975,469
460020095020826206,1538566522741,1538569409630,980,983
460020095020826206,1538569409630,1538569890906,983,949
460020095020826206,1538569890906,1538570866385,949,118
460020095020826206,1538570866385,1538571095014,118,982
460020095020826206,1538571095014,1538571856780,982,462
460020095020826206,1538571856780,1538573945048,462,14
460020095020826206,1538574272991,1538576128965,14,356
460020095020826206,1538576186024,1538581751991,356,131
460020095021709464,1538529405086,1538529765464,73,1
460020095021709464,1538529765464,1538532319451,1,1379
460020095021709464,1538530141988,1538532733790,148,634
460020095021709464,1538532733790,1538532734918,634,635
460020095021709464,1538532734918,1538532851338,635,1380
460020095021709464,1538532851338,1538534296992,1380,948
460020095021709464,1538534296992,1538534555612,948,795
460020095021709464,1538534555612,1538534662752,795,800
460020095021709464,1538534662752,1538536736390,800,1381
460020095024525542,1538544601596,1538548405414,350,351
460020095024525542,1538562636450,1538569693192,354,56
460020095024525542,1538578822050,1538582042680,56,351
460020095024652194,1538533100505,1538538392586,56,730
460020095024652194,1538538392586,1538538765171,730,589
460020095024652194,1538538765171,1538539657448,589,1359
460020095024652194,1538539657448,1538539927378,1359,616
460020095024652194,1538539927378,1538545698940,616,395
460020095024652194,1538540524043,1538547150354,1391,730
460020095024652194,1538547272567,1538547509964,730,314
460020095024652194,1538547509964,1538547590045,314,316
460020095024652194,1538547590045,1538547854951,316,918
460020095024652194,1538547854951,1538548098065,918,1400
460020095024652194,1538548098065,1538550105890,1400,836
460020095024652194,1538550199140,1538551221625,836,965
460020095024652194,1538551221625,1538551478661,965,240
460020095024652194,1538551478661,1538551999156,240,1397
460020095024652194,1538551999156,1538554451846,1397,1398
460020095024652194,1538554451846,1538554898450,1398,1393
460020095024652194,1538555268892,1538556196424,1393,1399
460020095024652194,1538556196424,1538556721461,1399,1394
460020095024652194,1538556721461,1538557262119,1394,1395
460020095024652194,1538557262119,1538557539520,1395,361
460020095024652194,1538557361922,1538562788558,362,693
460020095024652194,1538560098302,1538563426418,693,1396
460020095024652194,1538563426418,1538564931082,1396,1182
460020095024652194,1538564931082,1538565390270,1182,759
460020095024652194,1538565390270,1538565839123,759,1285
460020095024652194,1538565839123,1538566067433,1285,1053
460020095024652194,1538566067433,1538572007130,1053,1392
460020095024652194,1538568798345,1538573544010,1058,43
460020095025511997,1538531228880,1538532073582,373,374
460020095025511997,1538532073582,1538532360314,374,358
460020095025511997,1538532360314,1538532455670,358,369
460020095025511997,1538532573254,1538532740876,369,365
460020095025511997,1538532741115,1538533267604,365,88
460020095025511997,1538533267604,1538533960720,88,90
460020095025511997,1538548233340,1538552453190,371,365
460020095025511997,1538552453190,1538552539994,365,372
460020095025511997,1538552539994,1538552616263,372,369
460020095025511997,1538552616263,1538552951676,369,358
460020095025511997,1538552951676,1538555100732,358,375
460020095025511997,1538553083498,1538558771545,360,361
460020095025511997,1538563858262,1538570611556,363,364
460020095025511997,1538569807665,1538576629397,361,368
460020095025588848,1538562666117,1538562956633,738,701
460020095025588848,1538562956633,1538563177211,701,808
460020095025588848,1538563177211,1538563892810,808,352
460020095025588848,1538563892810,1538568351297,352,348
460020095025609903,1538554055721,1538560808930,43,0
460020095025609903,1538563656539,1538570038295,0,6
460020095025609903,1538578815241,1538581815650,56,6
460020095025669655,1538546640700,1538549337664,1368,294
460020095025669655,1538549337664,1538550413832,294,272
460020095025669655,1538550413832,1538554146869,272,1369
460020095025669655,1538551437676,1538554500986,1369,1371
460020095025669655,1538554500986,1538556828945,1371,1370
460020095025669655,1538556828945,1538556984596,1370,1373
460020095025669655,1538556984596,1538561753743,1373,1021
460020095025669655,1538564377846,1538567204462,1021,757
460020095025669655,1538567204462,1538571148885,757,348
460020095025808757,1538527083463,1538530307055,341,7
460020095025808757,1538530111072,1538532165549,344,302
460020095025808757,1538547074586,1538548314504,103,325
460020095025808757,1538548368200,1538548415754,325,322
460020095025808757,1538548415754,1538548659604,322,345
460020095025808757,1538548659604,1538554006691,345,323
460020095025808757,1538549699058,1538554769071,346,328
460020095025808757,1538554769071,1538555758517,328,327
460020095025808757,1538555758517,1538556097539,327,338
460020095025808757,1538556097539,1538557689776,338,329
460020095025808757,1538556264115,1538560737698,342,329
460020095025808757,1538559667795,1538563137759,329,336
460020095025808757,1538563137759,1538563621461,336,337
460020095025808757,1538563621461,1538563753081,337,339
460020095025808757,1538563753081,1538563848790,339,340
460020095025808757,1538563848790,1538563935450,340,347
460020095025808757,1538563935450,1538564251312,347,319
460020095025808757,1538564251312,1538564583075,319,148
460020095025808757,1538564583075,1538565224827,148,332
460020095026670626,1538519817523,1538525959264,267,51
460020095026670626,1538539386824,1538542086920,265,267
460020095026670626,1538553945902,1538557587082,266,51
460020095026670626,1538557587082,1538563220860,51,265
460020095027690570,1538524958264,1538527920025,1123,90
460020095027690570,1538527920025,1538528056184,90,1124
460020095027690570,1538527924071,1538528103234,1124,909
460020095027690570,1538528103234,1538528162128,909,1132
460020095027690570,1538528162128,1538529000203,1132,1129
460020095027690570,1538541032454,1538541899967,1128,1127
460020095027690570,1538541899967,1538544745743,1127,1126
460020095027690570,1538542428916,1538548366894,86,572
460020095027690570,1538576342512,1538580661296,1007,23
460020095029764850,1538527759829,1538527782762,1191,1192
460020095029764850,1538527782762,1538527823271,1192,1203
460020095029764850,1538527823271,1538528104924,1203,1200
460020095029764850,1538528104924,1538528319845,1200,1190
460020095029764850,1538528319845,1538528510170,1190,1198
460020095029764850,1538528510170,1538528632558,1198,641
460020095029764850,1538528632558,1538530180824,641,1199
460020095029764850,1538530184125,1538530715461,1199,1204
460020095029764850,1538530715461,1538530980507,1204,792
460020095029764850,1538530980507,1538531022191,792,1210
460020095029764850,1538531022191,1538531269925,1210,1206
460020095029764850,1538531303655,1538531331823,1206,1207
460020095029764850,1538531331823,1538531377657,1207,791
460020095029764850,1538531377657,1538531424510,791,1205
460020095029764850,1538531424510,1538531523518,1205,1208
460020095029764850,1538531523518,1538531578111,1208,796
460020095029764850,1538531578111,1538531588758,796,406
460020095029764850,1538531588758,1538531768813,406,1193
460020095029764850,1538531998975,1538532229021,1193,1202
460020095029764850,1538532229021,1538532513148,1202,749
460020095029764850,1538532577832,1538532875917,749,122
460020095029764850,1538532878004,1538533041062,122,331
460020095029764850,1538533047079,1538533079008,331,888
460020095029764850,1538533079008,1538533238647,888,255
460020095029764850,1538533238501,1538539199785,436,300
460020095029764850,1538541208800,1538546689292,2,562
460020095029764850,1538560147936,1538560299091,562,535
460020095029764850,1538560299091,1538561754781,535,11
460020095029764850,1538564956593,1538570723492,2,8
460020095029764850,1538570723492,1538575228233,8,1195
460020095029764850,1538575228233,1538575524194,1195,8
460020095029764850,1538575524194,1538576125865,8,602
460020095029764850,1538576125865,1538582160361,602,56
460020095033733585,1538536468814,1538536754931,873,1384
460020095033733585,1538536712879,1538537431240,1384,1204
460020095033733585,1538537431240,1538537872530,1204,335
460020095033733585,1538537872530,1538538284691,335,331
460020095033733585,1538538284691,1538539037419,331,304
460020095033733585,1538539037419,1538539582638,304,495
460020095033733585,1538539582638,1538543445037,495,708
460020095040329737,1538545199819,1538546908316,548,636
460020095040329737,1538565163485,1538571429284,4,728
460020095040329737,1538569361769,1538572318464,728,56
460020095040329737,1538572318464,1538574077997,56,43
460020095040329737,1538579916226,1538581207156,43,56
460020095040371174,1538534171425,1538541053929,1139,658
460020095040371174,1538541053929,1538541439334,658,1144
460020095040371174,1538548550183,1538553351322,1140,1141
460020095040371174,1538553351322,1538553921947,1141,1142
460020095040371174,1538553921947,1538556425108,1142,487
460020095040371174,1538555721598,1538561424586,757,527
460020095040371174,1538558664411,1538564245958,757,487
460020095040371174,1538564245958,1538566060940,487,43
460020095040371174,1538577896213,1538580827247,43,56
460020095040671966,1538552049883,1538553422651,899,889
460020095040671966,1538553422651,1538553504786,889,900
460020095040671966,1538553504786,1538553903353,900,892
460020095040671966,1538553903353,1538554180704,892,898
460020095040671966,1538554180704,1538554425644,898,158
460020095040671966,1538554425644,1538554670512,158,885
460020095040671966,1538554670512,1538554760712,885,886
460020095040671966,1538554760712,1538555972955,886,905
460020095040671966,1538555972955,1538556164849,905,893
460020095040671966,1538556173742,1538556311321,893,887
460020095040671966,1538556311321,1538557079343,887,882
460020095040671966,1538557079343,1538557327613,882,906
460020095040671966,1538557327613,1538557392087,906,903
460020095040671966,1538557392087,1538558807486,903,883
460020095040671966,1538558481609,1538559018844,883,890
460020095040671966,1538559018844,1538559385073,890,891
460020095040671966,1538559385073,1538559486719,891,907
460020095040671966,1538559486719,1538560799818,907,739
460020095040671966,1538559950839,1538564174126,739,128
460020095040671966,1538562735227,1538564544493,727,902
460020095040671966,1538564544493,1538564616310,902,439
460020095040671966,1538564616310,1538564978887,439,717
460020095040671966,1538564987142,1538565064873,717,436
460020095040671966,1538565064873,1538565134911,436,487
460020095040671966,1538565134911,1538565758680,487,2
460020095040671966,1538565316795,1538566140200,904,895
460020095040671966,1538566140200,1538566531736,895,313
460020095040671966,1538566531736,1538567055647,313,318
460020095040671966,1538566695856,1538567180765,718,487
460020095040671966,1538567180765,1538567507638,487,888
460020095040671966,1538567399773,1538567740309,331,712
460020095040671966,1538567740309,1538568026554,712,124
460020095040671966,1538568092423,1538569606148,124,455
460020095040671966,1538569856093,1538573843342,455,884
460020095040671966,1538573702515,1538578953236,742,215
460020095040671966,1538574966435,1538579284336,704,901
460020095040671966,1538579284336,1538579493985,901,112
460020095040671966,1538579493985,1538581857964,112,56
460020095040749610,1538511217066,1538518259198,179,119
460020095040749610,1538548419607,1538551772450,271,269
460020095040749610,1538550899857,1538555775095,272,273
460020095040749610,1538552925862,1538553206964,271,290
460020095040749610,1538553206964,1538553336489,290,284
460020095040749610,1538553336489,1538553632109,284,289
460020095040749610,1538553632109,1538560695256,289,269
460020095040749610,1538559567617,1538561423524,298,294
460020095040749610,1538561258893,1538562506351,45,187
460020095040749610,1538561980843,1538563609088,217,295
460020095040749610,1538563609088,1538564128174,295,283
460020095040749610,1538564128174,1538564462025,283,277
460020095040749610,1538564520601,1538565064164,277,287
460020095040749610,1538565064164,1538565539814,287,268
460020095040749610,1538565539814,1538565761785,268,82
460020095040749610,1538565761785,1538568092717,82,51
460020095040749610,1538566924957,1538568686762,194,174
460020095040749610,1538568686762,1538569856615,174,269
460020095040749610,1538569856615,1538571743678,269,213
460020095040749610,1538570258742,1538572022914,291,279
460020095040749610,1538572022914,1538572161701,279,292
460020095040749610,1538572161701,1538572231153,292,297
460020095040749610,1538572231153,1538573629124,297,280
460020095040749610,1538573629124,1538574141929,280,75
460020095040749610,1538574141929,1538580858956,75,58
460020095042630820,1538570956297,1538571926495,1388,418
460020095042630820,1538571926495,1538572210428,418,1199
460020095042630820,1538572210428,1538572508529,1199,415
460020095042630820,1538572508529,1538572742513,415,1204
460020095042630820,1538572742513,1538572958184,1204,1389
460020095042630820,1538572958184,1538573540655,1389,1385
460020095042630820,1538573540655,1538573783986,1385,697
460020095042630820,1538573815605,1538573974490,697,482
460020095042630820,1538573974490,1538574289972,482,528
460020095042630820,1538574289972,1538574380156,528,1386
460020095042630820,1538574380156,1538577814137,1386,43
460020095044852955,1538544919908,1538548505053,252,242
460020095044852955,1538566643506,1538571388682,226,227
460020095044852955,1538571388682,1538571921714,227,238
460020095044852955,1538571921714,1538576127246,238,228
460020095044852955,1538573521424,1538576525608,239,243
460020095044852955,1538576525608,1538576637761,243,236
460020095044852955,1538576539818,1538576607233,236,249
460020095044852955,1538576607233,1538576717966,249,247
460020095044852955,1538576717966,1538577615455,247,250
460020095044852955,1538577615455,1538577646607,250,251
460020095044852955,1538577646607,1538578541297,251,231
460020095044852955,1538578541297,1538579155708,231,240
460020095044852955,1538579155708,1538579393526,240,248
460020095044852955,1538579393526,1538579918448,248,234
460020095044852955,1538579918448,1538579989609,234,232
460020095044852955,1538579989609,1538580103696,232,241
460020095044852955,1538580103696,1538581110742,241,233
460020095044852955,1538580440112,1538581806488,148,56
460020095047591881,1538561636377,1538568636972,316,43
460020095047591881,1538571518252,1538573142785,317,318
460020095047591881,1538573142785,1538574675180,318,312
460020095050670159,1538530046330,1538530224068,299,310
460020095050670159,1538530224068,1538535191475,310,304
460020095050670159,1538546727206,1538551521686,308,307
460020095050670159,1538551521686,1538552156520,307,69
460020095050670159,1538552156520,1538556802608,69,301
460020095050670159,1538556802608,1538556820906,301,303
460020095050670159,1538556820906,1538559743878,303,69
460020095050670159,1538558637946,1538565206206,69,43
460020095050670159,1538567413281,1538569502933,64,74
460020095050670159,1538569502933,1538570199492,74,301
460020095051970226,1538521663335,1538525258775,894,1376
460020095051970226,1538525258775,1538528123675,1376,985
460020095051970226,1538528123675,1538529188022,985,1375
460020095051970226,1538529188022,1538536086241,1375,1151
460020095051970226,1538537006887,1538542806642,1151,352
460020095051970226,1538553073600,1538554877953,446,1174
460020095051970226,1538571172327,1538572202996,43,486
460020095051970226,1538572202996,1538577152794,486,1374
460020095053216865,1538549583447,1538549697893,876,881
460020095053216865,1538549697893,1538551687235,881,878
460020095053216865,1538551687235,1538551904396,878,20
460020095053216865,1538551904396,1538552135882,20,818
460020095053216865,1538552135882,1538552595894,818,22
460020095053216865,1538552595894,1538552629078,22,27
460020095053216865,1538552629078,1538552856611,27,879
460020095053216865,1538552856611,1538553423028,879,877
460020095053216865,1538553423028,1538553721362,877,298
460020095053216865,1538553832347,1538554163100,298,880
460020095053216865,1538554198610,1538555902701,880,356
460020095053216865,1538554603329,1538558090562,14,282
460020095053216865,1538558090562,1538559657081,282,356
460020095053216865,1538573752121,1538574457681,218,282
460020095068332375,1538566442854,1538566449338,1157,1166
460020095068332375,1538566449338,1538566794600,1166,1160
460020095068332375,1538566794600,1538566968211,1160,1162
460020095068332375,1538566968211,1538567049110,1162,1161
460020095068332375,1538567049110,1538567065631,1161,1154
460020095068332375,1538567065631,1538567194688,1154,1163
460020095068332375,1538567194688,1538567206589,1163,1155
460020095068332375,1538567206589,1538567461446,1155,1164
460020095068332375,1538567461446,1538567782446,1164,1165
460020095068332375,1538567782446,1538568181676,1165,1156
460020095068332375,1538568181676,1538568322170,1156,1167
460020095068332375,1538568322170,1538568761046,1167,161
460020095068332375,1538568761046,1538569149125,161,1158
460020095068332375,1538569149125,1538569231037,1158,1159
460020095068332375,1538569231037,1538574657534,1159,131
460020095068332375,1538576560763,1538577298790,131,348
460020095068332375,1538577298790,1538579969375,348,757
460020095081880808,1538504772880,1538504779851,1104,1102
460020095081880808,1538538556625,1538539420565,1105,1120
460020095081880808,1538552013844,1538557486333,1102,1111
460020095081880808,1538557486333,1538558116434,1111,1115
460020095081880808,1538557878499,1538558913103,1115,898
460020095081880808,1538558913103,1538559885323,898,1112
460020095081880808,1538559885323,1538559918379,1112,1117
460020095081880808,1538559918379,1538560277019,1117,1118
460020095081880808,1538560277019,1538560567960,1118,149
460020095081880808,1538560567960,1538561106601,149,154
460020095081880808,1538561106601,1538561282423,154,1113
460020095081880808,1538561282423,1538561341511,1113,1119
460020095081880808,1538561341511,1538561696143,1119,292
460020095081880808,1538561676926,1538562059018,1106,438
460020095081880808,1538562059018,1538562095047,438,607
460020095081880808,1538562095047,1538562685949,607,916
460020095081880808,1538562685949,1538564504085,916,1109
460020095081880808,1538563171274,1538566773591,1103,1108
460020095081880808,1538566773591,1538567097186,1108,444
460020095081880808,1538567097186,1538570468161,444,1114
460020095081880808,1538578755376,1538582191171,1109,56
460020095088859075,1538529308881,1538533183488,386,392
460020095088859075,1538533183488,1538533232819,392,384
460020095088859075,1538533232819,1538533959063,384,339
460020095088859075,1538533959063,1538534181602,339,387
460020095088859075,1538534181602,1538536770220,387,327
460020095088859075,1538536770220,1538536795634,327,391
460020095088859075,1538536795634,1538537984874,391,327
460020095088859075,1538537984874,1538539679271,327,394
460020095088859075,1538539679271,1538542887159,394,383
460020095088859075,1538547250591,1538549743997,383,389
460020095088859075,1538549743997,1538550120570,389,393
460020095088859075,1538550120570,1538553690310,393,382
460020095088859075,1538554592720,1538558199884,382,386
460020095088859075,1538558199884,1538558420681,386,382
460020095088859075,1538558420681,1538560304037,382,43
460020095088859075,1538562784539,1538569577620,43,64
460020095098336977,1538526640427,1538527620993,60,59
460020095098336977,1538527100058,1538528608979,495,869
460020095098336977,1538528018747,1538528819618,858,372
460020095098336977,1538528819618,1538529069862,372,358
460020095098336977,1538529069862,1538529425808,358,375
460020095098336977,1538529196919,1538530081162,835,836
460020095098336977,1538530114742,1538530193703,836,859
460020095098336977,1538530193703,1538530438257,859,860
460020095098336977,1538530475407,1538531910056,860,837
460020095098336977,1538531750723,1538532221463,837,851
460020095098336977,1538532221463,1538532509424,851,855
460020095098336977,1538532509424,1538533573169,855,866
460020095098336977,1538533573169,1538533634880,866,852
460020095098336977,1538533634880,1538533942443,852,862
460020095098336977,1538533942443,1538535035866,862,861
460020095098336977,1538534600692,1538535862133,838,853
460020095098336977,1538535862133,1538536513639,853,339
460020095098336977,1538536513639,1538536702364,339,867
460020095098336977,1538536702364,1538536891649,867,839
460020095098336977,1538536891649,1538537390570,839,840
460020095098336977,1538537390570,1538538133280,840,842
460020095098336977,1538538133280,1538538672364,842,841
460020095098336977,1538538369513,1538538914862,841,842
460020095098336977,1538538914862,1538539245956,842,850
460020095098336977,1538539245956,1538539687612,850,840
460020095098336977,1538539687612,1538539994940,840,340
460020095098336977,1538539994940,1538541086664,340,545
460020095098336977,1538543233263,1538547824439,844,848
460020095098336977,1538547824439,1538548750509,848,845
460020095098336977,1538548218927,1538549348650,845,664
460020095098336977,1538549348650,1538549637923,664,864
460020095098336977,1538549637923,1538549824855,864,730
460020095098336977,1538549824855,1538550709283,730,761
460020095098336977,1538559546040,1538563671934,43,870
460020095098336977,1538574612830,1538577787712,302,71
460020095098336977,1538577787712,1538578643599,71,849
460020095098336977,1538578663219,1538579562329,849,397
460020095098364762,1538528429818,1538533324613,1175,345
460020095098364762,1538531608966,1538534918525,345,1178
460020095098364762,1538534918525,1538535203625,1178,924
460020095098364762,1538535203625,1538535725356,924,933
460020095098364762,1538535725356,1538536050706,933,664
460020095098364762,1538536050706,1538539830651,664,1029
460020095098364762,1538536575934,1538541276215,1177,1179
460020095098364762,1538541448781,1538545593714,1179,1177
460020095098364762,1538553678695,1538556455512,1182,476
460020095098364762,1538555601943,1538556604115,653,446
460020095098364762,1538556604115,1538556788291,446,351
460020095098364762,1538556788291,1538557766130,351,455
460020095098364762,1538558038182,1538559935909,455,351
460020095098364762,1538559935909,1538563653752,351,43
460020095098364762,1538568731775,1538571991956,64,1183
460020095098364762,1538571991956,1538573750722,1183,1174
460020095098364762,1538577945500,1538581868981,446,1029
460020095098800085,1538506753831,1538507184266,1452,1468
460020095098800085,1538507184266,1538509267741,1468,1452
460020095098800085,1538525832842,1538527360157,1341,1470
460020095098800085,1538527360157,1538528628391,1470,69
460020095098800085,1538527995903,1538529673137,301,1469
460020095098800085,1538529673137,1538529812595,1469,1470
460020095098800085,1538529812595,1538529929726,1470,1452
460020095098800085,1538529929726,1538530596465,1452,1167
460020095098800085,1538530596465,1538530825245,1167,1156
460020095098800085,1538530704312,1538531275403,1473,1471
460020095098800085,1538531275403,1538531321925,1471,1475
460020095098800085,1538531321925,1538531775475,1475,1483
460020095098800085,1538531775475,1538532230239,1483,1456
460020095098800085,1538532133883,1538532853965,855,1479
460020095098800085,1538532853965,1538533228595,1479,322
460020095098800085,1538533228595,1538533318114,322,1476
460020095098800085,1538533318114,1538533552037,1476,1457
460020095098800085,1538533552037,1538534073457,1457,248
460020095098800085,1538534073457,1538534198346,248,1477
460020095098800085,1538534198346,1538534754760,1477,1156
460020095098800085,1538534754760,1538535823528,1156,1470
460020095098800085,1538535823528,1538536675754,1470,300
460020095098800085,1538536675754,1538536746149,300,628
460020095098800085,1538536746149,1538538080981,628,1460
460020095098800085,1538538080981,1538538737252,1460,1458
460020095098800085,1538538737252,1538543403138,1458,1466
460020095098800085,1538539044894,1538539504796,1468,148
460020095098800085,1538539504796,1538540940858,148,550
460020095098800085,1538554460314,1538556955102,1465,1467
460020095098800085,1538556246624,1538558399834,1299,1482
460020095098800085,1538558399834,1538560640291,1482,1478
460020095098800085,1538560427194,1538561803132,123,444
460020095098800085,1538561803132,1538562248633,444,452
460020095098800085,1538562248633,1538562437008,452,715
460020095098800085,1538562437008,1538564675399,715,634
460020095098800085,1538563273717,1538564332405,446,1461
460020095098800085,1538563618186,1538565195486,496,1285
460020095098800085,1538565195486,1538567213494,1285,1453
460020095098800085,1538567213494,1538567429194,1453,748
460020095098800085,1538567429194,1538567862225,748,1058
460020095098800085,1538567770478,1538568247499,985,1363
460020095098800085,1538568247499,1538569221446,1363,1114
460020095098800085,1538569333631,1538569585925,1114,278
460020095098800085,1538569585925,1538569785012,278,711
460020095098800085,1538569785012,1538570215632,711,1454
460020095098800085,1538570215632,1538570389215,1454,215
460020095098800085,1538570389215,1538571156060,215,1455
460020095098800085,1538571156060,1538571233182,1455,1478
460020095098800085,1538571233182,1538571709076,1478,1114
460020095098800085,1538571709076,1538573017813,1114,56
460020095098800085,1538573017813,1538573729356,56,352
460020095098800085,1538573729356,1538576766352,352,1363
460020095098800085,1538576766352,1538576846194,1363,554
460020095098800085,1538576846194,1538577077700,554,915
460020095098800085,1538577077700,1538579593334,915,649
460020095098800085,1538577612499,1538579969001,550,535
460020095098800085,1538579969001,1538581051710,535,1463
460020095098800085,1538581051710,1538581709382,1463,608
460020095098800085,1538581503589,1538581953007,971,646
460020095098800085,1538581953007,1538582126556,646,550
460070095005469544,1538537633149,1538539080666,412,405
460070095005469544,1538539080666,1538542015790,405,412
460070095005469544,1538542015790,1538546674968,412,413
460070095005469544,1538546687190,1538551876669,413,414
460070095005469544,1538553026717,1538554853875,414,428
460070095005469544,1538554853875,1538554853938,428,417
460070095005469544,1538554853938,1538559261513,417,432
460070095005469544,1538559261513,1538564930556,432,401
460070095005469544,1538564930556,1538566183279,401,427
460070095005469544,1538566183279,1538566309390,427,429
460070095005469544,1538566309390,1538572363841,429,402
460070095005469544,1538576653251,1538577163672,410,421
460070095005469544,1538577169666,1538577367481,421,405
460070095005469544,1538577225712,1538577946698,405,415
460070095005469544,1538577946698,1538578320113,415,416
460070095005469544,1538578320113,1538578745180,416,424
460070095005469544,1538578745180,1538578826080,424,425
460070095005469544,1538578826080,1538578869091,425,406
460070095005469544,1538578869091,1538578889060,406,407
460070095005469544,1538578889060,1538579211618,407,422
460070095005469544,1538579211618,1538579348595,422,431
460070095005469544,1538579348595,1538579511243,431,408
460070095005469544,1538579735843,1538582008844,408,112
460070095006117569,1538556987518,1538558268882,834,679
460070095006117569,1538558268882,1538558428367,679,1257
460070095006117569,1538558428367,1538558923594,1257,150
460070095006117569,1538558923594,1538559448404,150,167
460070095006117569,1538559349465,1538560154557,168,715
460070095006117569,1538575839139,1538579739424,131,11
460070095021168998,1538520973719,1538526402309,64,43
460070095021168998,1538548331336,1538552460366,397,64
460070095021168998,1538552460366,1538555931918,64,25
460070095021168998,1538555931918,1538560782832,25,356
460070095021168998,1538569476594,1538572835633,36,14
460070095021168998,1538571435537,1538577036398,467,14
460070095021168998,1538575318881,1538581931222,296,64
460070095024575626,1538539291433,1538539826936,294,436
460070095024575626,1538539826936,1538540369251,436,292
460070095024575626,1538552263034,1538552494358,439,438
460070095024575626,1538552494358,1538552909510,438,434
460070095024575626,1538552909510,1538553216311,434,294
460070095024644511,1538549134624,1538552295075,49,442
460070095024644511,1538552146928,1538552689345,444,455
460070095024644511,1538552689345,1538556993728,455,445
460070095024644511,1538556993728,1538561173988,445,451
460070095024644511,1538560433096,1538561629538,452,446
460070095024644511,1538561629538,1538562297033,446,457
460070095024644511,1538562297033,1538562382102,457,157
460070095024644511,1538562382102,1538564230968,157,447
460070095024644511,1538564230968,1538566361943,447,440
460070095024644511,1538572724730,1538577680797,450,456
460070095024650259,1538506134619,1538509753120,56,390
460070095024650259,1538572878804,1538573473558,660,61
460070095025648611,1538496511136,1538496599829,896,1265
460070095025648611,1538496599829,1538498727419,1265,673
460070095025648611,1538498181725,1538499024609,1277,351
460070095025648611,1538499024609,1538499363618,351,757
460070095025648611,1538499363618,1538499417630,757,756
460070095025648611,1538499417630,1538499829930,756,67
460070095025648611,1538499596095,1538500902165,1262,1261
460070095025648611,1538499714680,1538501120134,1271,438
460070095025648611,1538501120134,1538502354956,438,607
460070095025648611,1538555014248,1538555776057,1049,53
460070095025648611,1538555553497,1538557044243,263,715
460070095025648611,1538556430030,1538558173557,747,1053
460070095025648611,1538558189691,1538559034794,1053,1284
460070095025648611,1538558541145,1538559884578,1275,1280
460070095025648611,1538559884578,1538562496307,1280,1282
460070095025648611,1538562496307,1538563728956,1282,284
460070095025648611,1538563729008,1538565153202,284,150
460070095025648611,1538564393103,1538565535783,1056,167
460070095025648611,1538565535783,1538565572081,167,163
460070095025648611,1538565572081,1538566002083,163,1058
460070095025648611,1538565821651,1538566296166,503,63
460070095025648611,1538566296166,1538566851050,63,648
460070095025648611,1538566851050,1538567072010,648,8
460070095025648611,1538567072010,1538568678303,8,112
460070095025648611,1538568695330,1538569571545,112,673
460070095025648611,1538569571545,1538569615146,673,199
460070095025648611,1538569615146,1538571438356,199,331
460070095025648611,1538571438356,1538571455750,331,1286
460070095025648611,1538571455750,1538574064993,1286,1266
460070095025648611,1538573569753,1538574241484,1158,843
460070095025648611,1538574241484,1538575879825,843,1273
460070095025648611,1538575668400,1538576051157,1273,861
460070095025648611,1538576051157,1538578721789,861,317
460070095025648611,1538577066757,1538578900813,437,255
460070095025648611,1538578900813,1538578945045,255,635
460070095025648611,1538578945045,1538579220231,635,297
460070095025648611,1538579220231,1538580738221,297,701
460070095025648611,1538579864930,1538582154580,749,1285
460070095025649502,1538535469808,1538536032467,182,741
460070095025649502,1538536032467,1538538501058,741,1276
460070095025649502,1538538501058,1538538633338,1276,1277
460070095025649502,1538547985332,1538551065462,452,1125
460070095025649502,1538564482082,1538566841705,630,148
460070095025649502,1538566798447,1538567058585,728,527
460070095025649502,1538567058585,1538567181223,527,757
460070095025649502,1538567181223,1538567256056,757,668
460070095025649502,1538567256056,1538568032868,668,1288
460070095025649502,1538575554081,1538581026310,452,715
460070095040136238,1538496100765,1538496450303,915,827
460070095040136238,1538496450303,1538497959455,827,1225
460070095040136238,1538497310783,1538499175589,1196,181
460070095040136238,1538498625149,1538498975326,16,1222
460070095040136238,1538498975326,1538500262439,1222,929
460070095040136238,1538500081049,1538501146118,486,324
460070095040136238,1538501146118,1538502166411,324,1221
460070095040136238,1538502019589,1538502548068,1221,1226
460070095040136238,1538502548068,1538503047985,1226,1227
460070095040136238,1538503047985,1538509958864,1227,1213
460070095040136238,1538530854345,1538534180120,1214,1230
460070095040136238,1538534180120,1538538177356,1230,361
460070095040136238,1538540371357,1538543574654,370,1232
460070095040136238,1538543574654,1538546185893,1232,1213
460070095040136238,1538555719277,1538556001574,664,1235
460070095040136238,1538556001574,1538556403447,1235,75
460070095040136238,1538556403447,1538557678815,75,728
460070095040136238,1538557678815,1538558130459,728,43
460070095040136238,1538558130459,1538561266365,43,157
460070095040136238,1538561266365,1538561727861,157,1215
460070095040136238,1538561727947,1538562483197,1215,1228
460070095040136238,1538562483197,1538564388011,1228,1234
460070095040136238,1538564139333,1538564971782,517,103
460070095040136238,1538564971782,1538566102013,103,255
460070095040136238,1538566102013,1538566504736,255,764
460070095040136238,1538566504736,1538567515295,764,1061
460070095040136238,1538567181861,1538570055689,167,188
460070095040136238,1538570055689,1538570105388,188,176
460070095040136238,1538570105388,1538570571481,176,119
460070095040136238,1538570571481,1538571769574,119,478
460070095040136238,1538571769574,1538572216021,478,1236
460070095040136238,1538572216021,1538572849745,1236,1021
460070095040136238,1538572849745,1538573945159,1021,1237
460070095040136238,1538573945159,1538574971329,1237,1224
460070095040136238,1538575045568,1538575197244,1224,1217
460070095040136238,1538575197244,1538575814718,1217,1218
460070095040136238,1538575875094,1538576566641,1218,1219
460070095040136238,1538576566641,1538578662770,1219,563
460070095040136238,1538577770204,1538579566283,573,17
460070095040136238,1538579566283,1538579795006,17,1233
460070095040136238,1538579795006,1538580092812,1233,219
460070095040136238,1538580044646,1538580407889,187,46
460070095040136238,1538580407889,1538580772663,46,131
460070095040136238,1538580772663,1538581383655,131,333
460070095040136238,1538581383655,1538581909902,333,1223
460070095040239953,1538536977758,1538542976227,207,85
460070095040239953,1538539350757,1538545105979,75,119
460070095040239953,1538559878055,1538559905490,191,123
460070095040239953,1538576300239,1538576519572,180,474
460070095048036852,1538568137721,1538574679742,56,25
460070095048036852,1538570256059,1538576366303,130,1211
460070095048036852,1538575890021,1538579723471,1212,155
460070095098504016,1538554347188,1538555720457,1241,1242
460070095098504016,1538555720457,1538559045999,1242,1243
460070095098504016,1538559045999,1538559949285,1243,1240
460070095098504016,1538559949285,1538560747845,1240,1239
460070095098504016,1538560747845,1538561909439,1239,915
460070095098504016,1538561909439,1538562581332,915,43
460070095098504016,1538568718972,1538572247898,43,53
460070095098545714,1538539538755,1538540253784,1249,1248
460070095098545714,1538540253784,1538542169139,1248,1251
460070095098545714,1538541865469,1538547149336,301,1246
