,imsi,longitude,latitude,newPlot,start,end,stayTime,home,work
0,460000095005561145,122.8923828,41.51546783,106.0,2018-10-03 17:31:37.549,2018-10-03 18:36:47.506,65.16595,False,False
1,460000095005561145,122.89500728,41.51777573,108.0,2018-10-03 19:12:00.612,2018-10-03 21:24:10.048,132.15726666666666,False,False
2,460000095005561145,123.40975571,41.80703544,667.0,2018-10-03 22:24:09.640,2018-10-03 23:55:45.592,91.59920000000001,True,False
4,460000095005565778,123.39672854,41.79103852,1082.0,2018-10-03 10:01:36.839,2018-10-03 10:23:02.375,21.4256,False,True
5,460000095005565778,123.41152949999999,41.76802826,536.0,2018-10-03 11:01:19.885,2018-10-03 11:50:02.445,48.70933333333333,False,True
7,460000095005565778,123.41152949999999,41.76802826,536.0,2018-10-03 16:00:37.325,2018-10-03 16:26:29.316,25.866516666666666,False,True
9,460000095005565778,123.41342547,41.80504227,10.0,2018-10-03 21:32:36.091,2018-10-03 21:54:20.376,21.738083333333336,True,False
10,460000095005565778,123.4091475,41.80627187,64.0,2018-10-03 22:28:29.867,2018-10-03 23:20:45.696,52.26381666666667,True,False
11,460000095005571676,123.41535356,41.81207361,62.0,2018-10-03 00:02:12.709,2018-10-03 04:17:23.546,255.18061666666665,True,False
12,460000095005571676,123.41712406,41.81531988,661.0,2018-10-03 10:26:13.368,2018-10-03 12:34:08.434,127.91776666666667,False,False
13,460000095005571676,123.41687717,41.82067685,513.0,2018-10-03 13:56:48.932,2018-10-03 19:15:54.415,319.09138333333334,False,False
14,460000095005571676,123.41667179999999,41.8102417,13.0,2018-10-03 20:00:40.415,2018-10-03 21:07:11.681,66.5211,True,False
15,460000095005571676,123.41422884,41.80623296,908.0,2018-10-03 21:41:45.291,2018-10-03 23:49:02.306,127.28358333333334,True,False
17,460000095007329090,123.43677773,41.80478223,587.0,2018-10-03 07:36:40.725,2018-10-03 09:54:53.114,138.20648333333332,False,False
18,460000095007329090,123.42663682,41.81153815,12.0,2018-10-03 18:57:06.001,2018-10-03 21:06:12.888,129.11478333333332,False,False
19,460000095007329090,123.41394040000002,41.80912018,908.0,2018-10-03 21:57:46.000,2018-10-03 22:19:55.802,22.163366666666665,True,False
20,460000095007329090,123.41565853,41.80747299,0.0,2018-10-03 22:55:53.370,2018-10-03 23:51:32.720,55.655833333333334,True,False
21,460000095007687263,123.39877320000001,41.65663147,116.0,2018-10-03 04:44:13.759,2018-10-03 06:12:13.791,88.00053333333334,True,False
22,460000095007687263,123.39877320000001,41.65663147,116.0,2018-10-03 09:22:01.771,2018-10-03 09:41:20.957,19.319766666666666,False,True
25,460000095007687263,123.29924319,41.79404984,115.0,2018-10-03 17:48:30.761,2018-10-03 20:07:38.237,139.12460000000002,False,False
26,460000095007687263,123.40919499,41.80872073,43.0,2018-10-03 20:36:54.081,2018-10-03 21:35:50.756,58.944583333333334,True,False
27,460000095007687263,123.40889299,41.80861314,43.0,2018-10-03 22:12:05.651,2018-10-03 23:22:10.279,70.07713333333332,True,False
29,460000095009768355,123.41305098,41.80240017,1050.0,2018-10-03 10:55:51.406,2018-10-03 13:58:06.489,182.25138333333334,False,False
31,460000095009768355,123.31398557,41.76725442,289.0,2018-10-03 15:12:31.462,2018-10-03 15:49:01.638,36.50293333333333,False,True
32,460000095009768355,123.35733564,41.77844887,681.0,2018-10-03 16:02:28.413,2018-10-03 17:36:52.209,94.3966,False,False
34,460000095009824436,123.39672788,41.81747341,783.0,2018-10-03 09:04:45.325,2018-10-03 10:10:05.177,65.33086666666667,False,True
36,460000095009824436,123.41596979999998,41.80778122,0.0,2018-10-03 13:40:42.206,2018-10-03 15:31:20.905,110.64498333333333,False,False
38,460000095009824436,123.41596979999998,41.80778122,0.0,2018-10-03 18:02:50.802,2018-10-03 18:32:56.927,30.102083333333333,False,False
39,460000095009824436,123.41596979999998,41.80778122,0.0,2018-10-03 19:38:53.378,2018-10-03 20:57:42.098,78.812,False,False
40,460000095018240151,123.4136581,41.81689835,58.0,2018-10-03 00:09:01.741,2018-10-03 02:05:31.199,116.49096666666667,True,False
41,460000095018240151,123.3992013,41.80226046,478.0,2018-10-03 03:08:03.474,2018-10-03 14:44:24.428,696.3492333333332,False,False
45,460000095018240151,123.41408863,41.8159474,58.0,2018-10-03 17:57:31.989,2018-10-03 19:08:24.876,70.88145,False,False
46,460000095018240151,123.41420605,41.81568805,58.0,2018-10-03 22:06:17.005,2018-10-03 23:54:46.395,108.48983333333334,True,False
47,460000095040541608,123.39118295,41.8093845,465.0,2018-10-03 04:46:06.635,2018-10-03 06:46:17.638,120.18338333333332,True,False
50,460000095040591270,123.40467453,41.81362088,1318.0,2018-10-03 10:25:31.174,2018-10-03 10:50:44.263,25.218149999999998,False,True
51,460000095040591270,123.31288149999999,41.84870911,800.0,2018-10-03 11:28:29.575,2018-10-03 11:45:18.523,16.8158,False,True
52,460000095040591270,123.31288149999999,41.84870911,800.0,2018-10-03 12:31:17.967,2018-10-03 16:21:53.735,230.59613333333334,False,False
54,460000095040591270,123.40216059999999,41.8132515,756.0,2018-10-03 22:53:49.855,2018-10-03 23:55:29.208,61.655883333333335,True,False
56,460000095057074060,123.4378876,41.81556091,92.0,2018-10-03 06:59:11.923,2018-10-03 07:21:53.645,22.695366666666665,False,False
57,460000095057074060,123.44041336,41.81366621,633.0,2018-10-03 07:53:14.905,2018-10-03 08:15:24.336,22.157183333333332,False,False
58,460000095060523239,123.39301219,41.81896993,1047.0,2018-10-03 00:01:00.368,2018-10-03 00:31:44.955,30.743116666666666,True,False
59,460000095060523239,123.36777258,41.85742378,755.0,2018-10-03 00:35:13.700,2018-10-03 00:50:32.263,15.309383333333333,True,False
60,460000095060523239,123.31312913,41.80391157,748.0,2018-10-03 00:52:30.120,2018-10-03 01:57:52.909,65.37981666666667,True,False
61,460000095060523239,123.3007235,41.79072026,722.0,2018-10-03 14:25:44.340,2018-10-03 15:07:18.278,41.56563333333334,False,True
62,460000095060523239,123.3743463,41.79761488,258.0,2018-10-03 15:55:07.999,2018-10-03 17:23:50.063,88.70106666666668,False,False
63,460000095060523239,123.42222849999999,41.83087285,730.0,2018-10-03 18:22:58.391,2018-10-03 18:41:56.849,18.974300000000003,False,False
65,460000095060523239,123.35453704,41.79200623,1376.0,2018-10-03 20:07:46.396,2018-10-03 21:47:04.972,99.3096,True,False
66,460000095060523239,123.34235128,41.77503967,670.0,2018-10-03 21:55:59.109,2018-10-03 22:14:41.781,18.7112,True,False
67,460000095060523239,123.38509704,41.814033200000004,634.0,2018-10-03 22:23:29.516,2018-10-03 23:15:32.575,52.050983333333335,True,False
68,460000095060523239,123.35763968,41.84169631,485.0,2018-10-03 23:23:14.386,2018-10-03 23:39:43.935,16.492483333333332,True,False
71,460000095062189004,123.41287401,41.80635537,10.0,2018-10-03 00:24:35.589,2018-10-03 00:54:48.857,30.221133333333334,True,False
72,460000095062225863,123.49826812,41.63830414,1326.0,2018-10-03 18:54:06.113,2018-10-03 19:22:33.126,28.450216666666666,False,False
74,460000095062225863,123.40872959999999,41.80886078,43.0,2018-10-03 20:48:20.057,2018-10-03 21:16:32.152,28.201583333333335,True,False
75,460000095062225863,123.40872706,41.80858527,43.0,2018-10-03 22:04:30.052,2018-10-03 22:36:49.767,32.328583333333334,True,False
76,460000095062225863,123.40165489,41.78187343,274.0,2018-10-03 23:04:41.759,2018-10-03 23:22:22.824,17.684416666666667,True,False
78,460000095063856923,123.4176331,41.89228821,934.0,2018-10-03 00:48:14.468,2018-10-03 03:24:40.634,156.43609999999998,True,False
80,460000095063856923,123.42252350000001,41.82743073,576.0,2018-10-03 07:45:23.520,2018-10-03 08:35:32.702,50.15303333333333,False,False
81,460000095063856923,123.42252350000001,41.82743073,576.0,2018-10-03 09:48:09.916,2018-10-03 10:33:31.262,45.35576666666667,False,True
82,460000095063856923,123.42252350000001,41.82743073,576.0,2018-10-03 11:15:39.204,2018-10-03 12:06:16.646,50.62403333333334,False,False
83,460000095063856923,123.42252350000001,41.82743073,576.0,2018-10-03 13:36:00.310,2018-10-03 14:27:54.527,51.90361666666667,False,False
84,460000095063856923,123.42252350000001,41.82743073,576.0,2018-10-03 16:55:50.090,2018-10-03 17:44:27.200,48.618500000000004,False,False
85,460000095063856923,123.42315064,41.82749634,576.0,2018-10-03 20:19:19.991,2018-10-03 20:38:07.562,18.792849999999998,True,False
86,460000095063856923,123.41854652,41.8201672,513.0,2018-10-03 22:56:40.561,2018-10-03 23:48:46.441,52.098,True,False
87,460000095063881983,123.41720073,41.80437596,253.0,2018-10-03 22:26:28.630,2018-10-03 22:45:26.665,18.96725,True,False
89,460000095063979850,123.17385552,41.75098926,1330.0,2018-10-03 10:34:12.062,2018-10-03 13:21:20.619,167.14261666666667,False,False
93,460000095063979850,122.9801432,41.98112551,1353.0,2018-10-03 14:04:57.182,2018-10-03 14:38:04.621,33.123983333333335,False,True
94,460000095063979850,123.01753025,41.95758403,152.0,2018-10-03 14:09:09.114,2018-10-03 14:43:50.137,34.68371666666667,False,True
98,460000095063979850,123.48572858,41.80051748,1328.0,2018-10-03 17:05:01.395,2018-10-03 23:56:10.083,411.1448,False,False
100,460000095064919090,123.40951918,41.79217020000001,52.0,2018-10-03 19:42:55.395,2018-10-03 22:19:24.360,156.48275,False,False
102,460000095064990351,123.40498809,41.83195053,1250.0,2018-10-03 07:52:21.648,2018-10-03 12:04:35.785,252.2356166666667,False,False
103,460000095064990351,123.40776709,41.81579857,952.0,2018-10-03 14:52:12.735,2018-10-03 16:52:29.593,120.28096666666667,False,True
104,460000095071779102,123.41429140000001,41.83049011,1062.0,2018-10-03 00:15:21.424,2018-10-03 00:43:54.686,28.554366666666667,True,False
106,460000095071779102,123.41429140000001,41.83049011,1062.0,2018-10-03 04:04:30.934,2018-10-03 05:21:49.899,77.31608333333334,True,False
107,460000095071779102,123.41429140000001,41.83049011,1062.0,2018-10-03 07:01:45.850,2018-10-03 08:01:32.510,59.77766666666666,False,False
108,460000095071779102,123.41429140000001,41.83049011,1062.0,2018-10-03 09:44:49.046,2018-10-03 10:32:38.751,47.82841666666666,False,True
109,460000095071779102,123.41429140000001,41.83049011,1062.0,2018-10-03 11:26:38.395,2018-10-03 12:54:26.416,87.80035,False,False
110,460000095071779102,123.41266823,41.82351843,68.0,2018-10-03 13:24:36.098,2018-10-03 13:49:17.638,24.692333333333334,False,False
111,460000095071779102,123.41333466,41.82551269,75.0,2018-10-03 15:37:32.804,2018-10-03 16:36:14.957,58.702549999999995,False,True
113,460000095071779102,123.41011431,41.81117707,1236.0,2018-10-03 18:47:09.312,2018-10-03 20:06:46.569,79.62095,False,False
114,460000095071779102,123.41336820000001,41.81906128,80.0,2018-10-03 20:41:11.471,2018-10-03 21:25:27.822,44.27251666666667,True,False
115,460000095071779102,123.41429140000001,41.83049011,1062.0,2018-10-03 22:03:09.801,2018-10-03 22:42:41.600,39.529983333333334,True,False
117,460000095073912558,123.4068375,41.81980896,718.0,2018-10-03 03:08:51.530,2018-10-03 05:25:44.071,136.8756833333333,True,False
118,460000095073912558,123.40628161,41.82062476,1095.0,2018-10-03 13:21:25.288,2018-10-03 14:05:28.205,44.04861666666667,False,False
119,460000095073912558,123.4024778,41.82126944,1096.0,2018-10-03 14:39:27.903,2018-10-03 15:17:19.938,37.86725,False,True
120,460000095073912558,123.41384987,41.803451700000004,1050.0,2018-10-03 18:05:32.656,2018-10-03 20:46:11.474,160.64696666666666,False,False
121,460000095073912558,123.40857697,41.81968943,76.0,2018-10-03 23:23:57.735,2018-10-03 23:54:58.436,31.011683333333334,True,False
124,460000095074423059,123.34024659,41.53269119,20.0,2018-10-03 10:16:53.180,2018-10-03 11:11:02.647,54.157783333333334,False,True
125,460000095074423059,123.34234109999998,41.53649394,19.0,2018-10-03 11:58:01.586,2018-10-03 12:32:30.874,34.48813333333333,False,False
126,460000095074423059,123.33780927,41.52124023,34.0,2018-10-03 13:02:40.646,2018-10-03 14:35:32.751,92.86841666666666,False,False
127,460000095074423059,123.33847615,41.54076672,20.0,2018-10-03 16:38:17.945,2018-10-03 17:22:16.222,43.97128333333333,False,False
129,460000095074424637,123.40733611,41.79248683,48.0,2018-10-03 07:15:25.865,2018-10-03 19:13:00.125,717.571,False,False
131,460000095074465569,123.42208292,41.80343747,435.0,2018-10-03 00:05:42.343,2018-10-03 01:26:19.477,80.6189,True,False
132,460000095074465569,123.45333861,41.78654194,1290.0,2018-10-03 05:55:01.369,2018-10-03 07:20:18.161,85.27986666666668,False,False
133,460000095074465569,123.45205478,41.78653093,1290.0,2018-10-03 08:18:49.328,2018-10-03 09:34:10.645,75.35528333333333,False,False
134,460000095074465569,123.45250700000001,41.78591919,1290.0,2018-10-03 10:04:49.358,2018-10-03 13:56:01.484,231.2021,False,False
136,460000095074465569,123.45336289,41.78626078,1290.0,2018-10-03 15:17:31.285,2018-10-03 16:37:07.769,79.60806666666667,False,True
137,460000095074465569,123.52630042,41.74670029,1293.0,2018-10-03 20:59:21.035,2018-10-03 21:22:46.352,23.42195,True,False
139,460000095074467156,123.57648636,41.90279812,986.0,2018-10-03 08:31:35.239,2018-10-03 09:08:52.776,37.29228333333333,False,False
140,460000095074467156,123.58168789999999,41.90238953,986.0,2018-10-03 10:26:10.270,2018-10-03 11:34:15.144,68.08123333333333,False,True
141,460000095074467156,123.58168789999999,41.90238953,986.0,2018-10-03 12:16:10.796,2018-10-03 13:31:10.024,74.98713333333333,False,False
142,460000095074467156,123.58168789999999,41.90238953,986.0,2018-10-03 14:03:00.058,2018-10-03 14:38:44.692,35.743900000000004,False,True
143,460000095074467156,123.45618567,41.74982643,1003.0,2018-10-03 17:43:41.358,2018-10-03 18:08:22.970,24.693533333333335,False,False
144,460000095074467156,123.4186271,41.80186789,1093.0,2018-10-03 20:39:06.441,2018-10-03 21:11:23.044,32.276716666666665,True,False
145,460000095074467156,123.45940954,41.75225483,581.0,2018-10-03 21:15:53.075,2018-10-03 21:48:14.310,32.35391666666666,True,False
146,460000095074476402,123.40998294,41.80935979,43.0,2018-10-03 00:01:57.745,2018-10-03 02:48:03.686,166.09901666666667,True,False
148,460000095074476402,123.41309255,41.81491369,55.0,2018-10-03 12:28:07.019,2018-10-03 14:14:06.417,105.98996666666667,False,False
149,460000095074476402,123.41169822,41.81262915,59.0,2018-10-03 15:38:28.802,2018-10-03 18:39:02.444,180.5607,False,False
150,460000095074476402,123.41295623,41.80968303,6.0,2018-10-03 21:34:00.881,2018-10-03 23:55:42.330,141.69081666666668,True,False
151,460000095079109575,123.42086029999999,41.81906128,317.0,2018-10-03 00:06:32.487,2018-10-03 01:02:45.875,56.22313333333333,True,False
152,460000095079109575,123.42086029999999,41.81906128,317.0,2018-10-03 01:39:08.575,2018-10-03 01:58:53.426,19.74751666666667,True,False
153,460000095079109575,123.42086029999999,41.81906128,317.0,2018-10-03 03:01:51.486,2018-10-03 04:36:01.140,94.16090000000001,True,False
154,460000095079109575,123.42086029999999,41.81906128,317.0,2018-10-03 05:10:10.640,2018-10-03 06:35:54.967,85.73878333333333,True,False
155,460000095079109575,123.42083306,41.81893812,317.0,2018-10-03 07:06:21.546,2018-10-03 08:16:27.525,70.09965000000001,False,False
156,460000095079109575,123.40654375,41.80113316,400.0,2018-10-03 09:02:46.519,2018-10-03 09:57:12.056,54.42561666666666,False,True
157,460000095079109575,123.35043329999999,41.70307922,682.0,2018-10-03 10:31:25.010,2018-10-03 12:01:12.606,89.79326666666665,False,False
159,460000095080923032,123.41030624,41.78654405,441.0,2018-10-03 00:06:46.647,2018-10-03 01:21:06.062,74.32358333333333,True,False
160,460000095080923032,123.40442999,41.76548809,1300.0,2018-10-03 01:57:10.694,2018-10-03 03:32:34.235,95.39235000000001,True,False
161,460000095080923032,123.40450290000001,41.76560974,1300.0,2018-10-03 04:31:18.043,2018-10-03 06:10:35.921,99.29796666666667,True,False
162,460000095080923032,123.40450290000001,41.76560974,1300.0,2018-10-03 09:20:40.906,2018-10-03 11:13:40.137,112.98718333333333,False,True
164,460000095080923032,123.40432314,41.82591163,1391.0,2018-10-03 12:10:24.430,2018-10-03 14:09:09.352,118.7487,False,False
165,460000095080923032,123.40727997,41.83174419,1250.0,2018-10-03 14:40:53.948,2018-10-03 15:21:22.184,40.4706,False,True
167,460000095080923032,123.40450290000001,41.76560974,1300.0,2018-10-03 22:47:00.055,2018-10-03 23:07:10.672,20.176949999999998,True,False
169,460000095080958864,123.42732240000002,41.80459976,648.0,2018-10-03 12:59:37.289,2018-10-03 13:17:30.140,17.880850000000002,False,False
170,460000095080958864,123.42732240000002,41.80459976,648.0,2018-10-03 13:53:45.098,2018-10-03 14:34:48.140,41.0507,False,False
171,460000095080958864,123.4272709,41.80211067,647.0,2018-10-03 15:41:41.341,2018-10-03 16:16:43.141,35.03,False,True
172,460000095080958864,123.42760277,41.80296707,648.0,2018-10-03 17:06:09.875,2018-10-03 17:33:09.236,26.98935,False,False
174,460000095080958864,123.40650255,41.83991089,659.0,2018-10-03 20:05:25.667,2018-10-03 21:22:01.796,76.60215,True,False
175,460000095080958864,123.3965815,41.819010299999995,61.0,2018-10-03 22:22:32.739,2018-10-03 22:51:38.094,29.08925,True,False
176,460000095080968055,123.39201355,41.849701399999994,1041.0,2018-10-03 05:59:49.359,2018-10-03 06:54:02.750,54.22318333333333,True,False
177,460000095080968055,123.36979933,41.85191981,1037.0,2018-10-03 07:22:35.615,2018-10-03 07:47:57.050,25.35725,False,False
178,460000095080968055,123.39642154,41.85241946,1035.0,2018-10-03 08:31:26.816,2018-10-03 09:52:31.073,81.07095,False,False
179,460000095080968055,123.31288149999999,41.84870911,800.0,2018-10-03 10:07:28.948,2018-10-03 10:43:02.593,35.56075,False,True
180,460000095080968055,123.38622639,41.85048803,386.0,2018-10-03 13:16:30.021,2018-10-03 14:35:46.112,79.26818333333334,False,False
181,460000095080968055,123.39763640000001,41.83830346,1144.0,2018-10-03 15:57:30.903,2018-10-03 17:07:41.087,70.16973333333334,False,False
183,460000095080968055,123.4106903,41.80588913,131.0,2018-10-03 19:23:14.510,2018-10-03 19:53:28.870,30.23933333333333,False,False
184,460000095080968055,123.4106903,41.80588913,131.0,2018-10-03 20:33:19.375,2018-10-03 20:56:02.339,22.716066666666666,True,False
185,460000095080968055,123.4035301,41.85612297,280.0,2018-10-03 22:17:59.605,2018-10-03 22:51:08.671,33.1511,True,False
187,460000095083457844,123.42804847,41.812464399999996,9.0,2018-10-03 15:18:59.037,2018-10-03 15:42:16.845,23.2968,False,True
189,460000095083457844,123.35165406,41.66677066,468.0,2018-10-03 16:13:45.217,2018-10-03 17:56:08.961,102.39573333333333,False,False
192,460000095083457844,123.39906311,41.80248718,478.0,2018-10-03 20:48:38.884,2018-10-03 21:46:40.553,58.027816666666666,True,False
193,460000095083457844,123.40065,41.79916,112.0,2018-10-03 23:06:42.537,2018-10-03 23:29:54.539,23.200033333333334,True,False
194,460000095083470449,123.40678088,41.78228505,1413.0,2018-10-03 00:08:50.100,2018-10-03 00:50:26.359,41.60431666666667,True,False
195,460000095083470449,123.34428862,41.78893661,162.0,2018-10-03 01:01:14.959,2018-10-03 01:17:43.365,16.473433333333332,True,False
196,460000095083470449,123.41112425,41.784440999999994,1308.0,2018-10-03 01:23:10.994,2018-10-03 01:54:12.959,31.03275,True,False
197,460000095083470449,123.42011263,41.78624725,220.0,2018-10-03 10:36:37.596,2018-10-03 11:02:26.657,25.81768333333333,False,True
198,460000095083470449,123.3239975,41.79193370000001,1016.0,2018-10-03 11:23:43.027,2018-10-03 11:52:39.536,28.941816666666668,False,True
199,460000095083470449,123.38093719,41.78625793,1012.0,2018-10-03 15:59:00.809,2018-10-03 16:44:04.539,45.06216666666667,False,True
200,460000095083470449,123.40351769,41.78825748,130.0,2018-10-03 17:18:01.188,2018-10-03 20:13:11.252,175.16773333333333,False,False
201,460000095083470449,123.41006469,41.78449103,1018.0,2018-10-03 20:41:49.255,2018-10-03 22:16:37.293,94.80063333333332,True,False
202,460000095083470449,123.42043281,41.821198700000004,495.0,2018-10-03 22:33:32.264,2018-10-03 23:55:33.866,82.02669999999999,True,False
203,460000095083499334,123.527092,41.82112885,494.0,2018-10-03 00:00:48.928,2018-10-03 01:09:04.515,68.25978333333333,True,False
204,460000095083499334,123.527092,41.82112885,494.0,2018-10-03 01:42:08.174,2018-10-03 02:00:16.156,18.133033333333334,True,False
205,460000095083499334,123.52651216,41.82108634,494.0,2018-10-03 02:34:18.918,2018-10-03 06:42:04.287,247.75615000000002,True,False
206,460000095083499334,123.527092,41.82112885,494.0,2018-10-03 07:15:48.971,2018-10-03 07:50:49.200,35.003816666666665,False,False
207,460000095083499334,123.527092,41.82112885,494.0,2018-10-03 08:40:14.667,2018-10-03 09:19:34.124,39.324283333333334,False,False
208,460000095083499334,123.52404783,41.82090569,497.0,2018-10-03 10:26:27.386,2018-10-03 10:48:37.113,22.16211666666667,False,True
209,460000095083499334,123.50867004,41.80733872,522.0,2018-10-03 14:00:50.706,2018-10-03 14:26:09.265,25.309316666666668,False,True
214,460000095083499334,123.47662658,41.8167305,614.0,2018-10-03 17:23:50.337,2018-10-03 17:43:52.776,20.040650000000003,False,False
215,460000095083499334,123.41024270000001,41.71945,127.0,2018-10-03 18:11:53.456,2018-10-03 18:33:50.703,21.954116666666668,False,False
218,460000095083499334,123.41226195,41.77196312,1209.0,2018-10-03 20:05:19.653,2018-10-03 20:43:10.190,37.84228333333333,True,False
219,460000095083499334,123.40630986,41.82143065,1095.0,2018-10-03 21:21:24.578,2018-10-03 22:51:33.693,90.15191666666666,True,False
220,460000095083499334,123.5324033,41.81520112,545.0,2018-10-03 23:06:17.543,2018-10-03 23:55:14.116,48.942883333333334,True,False
221,460000095083818745,123.39267849999999,41.78815396,1366.0,2018-10-03 00:00:28.448,2018-10-03 03:06:23.235,185.91311666666667,True,False
222,460000095083818745,123.3956909,41.79013824,1082.0,2018-10-03 06:17:50.570,2018-10-03 06:49:40.572,31.833366666666667,True,False
223,460000095083818745,123.39550322,41.78979263,1082.0,2018-10-03 07:37:29.752,2018-10-03 08:42:46.569,65.28028333333333,False,False
224,460000095083818745,123.38444215,41.79016533,1365.0,2018-10-03 09:48:58.567,2018-10-03 10:49:34.246,60.59465,False,True
225,460000095083818745,123.3726807,41.79486084,445.0,2018-10-03 11:39:38.395,2018-10-03 12:13:23.720,33.75541666666667,False,False
226,460000095083818745,123.38214049,41.79188315,1363.0,2018-10-03 12:57:44.092,2018-10-03 14:56:54.725,119.17721666666667,False,False
227,460000095083818745,123.39384353,41.78842435,1364.0,2018-10-03 15:50:44.106,2018-10-03 17:03:50.475,73.10615,False,False
228,460000095083818745,123.39770365,41.79354691,1132.0,2018-10-03 20:00:47.714,2018-10-03 21:50:57.391,110.16128333333333,True,False
229,460000095083818745,123.40973475,41.8017044,348.0,2018-10-03 23:25:19.518,2018-10-03 23:52:36.228,27.2785,True,False
230,460000095084416880,123.40553983,41.74009418,481.0,2018-10-03 03:44:47.724,2018-10-03 04:51:26.640,66.6486,True,False
236,460000095084416880,123.45024395,41.80823088,103.0,2018-10-03 17:49:53.229,2018-10-03 18:27:31.079,37.630833333333335,False,False
238,460000095084416880,123.41446687,41.81147131,62.0,2018-10-03 20:26:54.577,2018-10-03 20:46:03.703,19.1521,True,False
240,460000095084416880,123.47618357,41.77234523,580.0,2018-10-03 21:23:47.846,2018-10-03 21:56:40.137,32.871516666666665,True,False
241,460000095084416880,123.45454280000001,41.78558032,1291.0,2018-10-03 22:12:40.527,2018-10-03 22:49:33.882,36.88925,True,False
243,460000095084416880,123.4240626,41.82130686,79.0,2018-10-03 23:00:09.832,2018-10-03 23:50:28.637,50.31341666666666,True,False
244,460000095084420542,123.40431550000001,41.81939358,395.0,2018-10-03 00:59:52.395,2018-10-03 02:57:39.900,117.79175000000001,True,False
245,460000095084420542,123.4045105,41.82040024,1032.0,2018-10-03 03:36:25.040,2018-10-03 04:05:44.990,29.3325,True,False
246,460000095084420542,123.4042765,41.81919225,395.0,2018-10-03 05:43:47.636,2018-10-03 06:13:16.830,29.486566666666665,True,False
247,460000095084420542,123.3880735,41.81848635,1046.0,2018-10-03 08:53:28.416,2018-10-03 09:36:01.950,42.5589,False,False
248,460000095084420542,123.40872959999999,41.80886078,43.0,2018-10-03 23:01:30.932,2018-10-03 23:44:25.003,42.90118333333333,True,False
249,460000095084437788,123.42012075,41.8005071,1051.0,2018-10-03 21:43:37.301,2018-10-03 23:13:14.526,89.62041666666667,True,False
250,460000095084486097,123.41529007,41.82634506,85.0,2018-10-03 00:01:09.690,2018-10-03 00:39:10.780,38.018166666666666,True,False
252,460000095084486097,123.43905447,41.79272365,73.0,2018-10-03 09:07:20.834,2018-10-03 09:37:51.211,30.506283333333332,False,True
253,460000095084486097,123.4412203,41.79214335,81.0,2018-10-03 11:56:24.552,2018-10-03 12:33:20.459,36.931783333333335,False,False
254,460000095084486097,123.41258494,41.82416789,68.0,2018-10-03 13:02:22.256,2018-10-03 14:51:56.465,109.57015,False,False
255,460000095084486097,123.41851045,41.80606143,186.0,2018-10-03 17:35:39.240,2018-10-03 18:08:55.845,33.27675,False,False
256,460000095084486097,123.41638075,41.82648986,85.0,2018-10-03 22:54:41.805,2018-10-03 23:52:16.167,57.572700000000005,True,False
257,460000095084492531,123.36833190000002,41.80548096,618.0,2018-10-03 07:52:11.089,2018-10-03 09:39:00.846,106.82928333333332,False,False
258,460000095084492531,123.34413148,41.79196472,162.0,2018-10-03 14:58:04.405,2018-10-03 15:50:19.136,52.24551666666667,False,True
259,460000095084492531,123.33939579,41.79996273,1268.0,2018-10-03 16:00:18.223,2018-10-03 16:50:04.089,49.764433333333336,False,True
260,460000095084492531,123.33605190000002,41.80081177,621.0,2018-10-03 17:24:19.241,2018-10-03 19:46:20.663,142.02370000000002,False,False
262,460000095084492531,123.41438290000002,41.81169891,62.0,2018-10-03 21:39:09.100,2018-10-03 22:26:05.286,46.93643333333333,True,False
263,460000095084494779,123.3952179,41.784130100000006,444.0,2018-10-03 00:05:02.031,2018-10-03 00:25:58.829,20.946633333333335,True,False
265,460000095084494779,123.39163207,41.85703405,1026.0,2018-10-03 10:22:42.958,2018-10-03 11:08:49.845,46.114783333333335,False,True
266,460000095084494779,123.39986877,41.82014694,61.0,2018-10-03 15:33:10.614,2018-10-03 16:48:45.433,75.58031666666668,False,True
267,460000095084494779,123.41349795,41.80443191,10.0,2018-10-03 18:07:22.991,2018-10-03 18:40:25.626,33.04391666666667,False,False
268,460000095084494779,123.4128571,41.80469894,10.0,2018-10-03 20:33:36.110,2018-10-03 21:00:01.874,26.429399999999998,True,False
270,460000095084995924,123.3493824,41.78369586,215.0,2018-10-03 00:41:23.374,2018-10-03 01:09:16.734,27.889333333333333,True,False
271,460000095084995924,123.35202636,41.784865,214.0,2018-10-03 01:25:29.584,2018-10-03 14:38:02.772,792.5531333333333,False,False
272,460000095084995924,123.34635108,41.78866475,164.0,2018-10-03 18:26:26.800,2018-10-03 21:04:47.395,158.34324999999998,False,False
274,460000095084995924,123.40899191,41.75522701,216.0,2018-10-03 21:39:31.740,2018-10-03 22:19:23.958,39.8703,True,False
275,460000095084995924,123.41256956,41.79025289,441.0,2018-10-03 22:28:13.330,2018-10-03 23:01:42.686,33.489266666666666,True,False
276,460000095084995924,123.40331270000001,41.73516998,120.0,2018-10-03 23:06:53.268,2018-10-03 23:22:09.769,15.275016666666666,True,False
277,460000095084995924,123.42910599,41.77441915,512.0,2018-10-03 23:26:42.524,2018-10-03 23:55:47.106,29.07636666666667,True,False
278,460000095090129828,123.3495178,41.79727936,770.0,2018-10-03 00:17:55.012,2018-10-03 00:35:59.845,18.080550000000002,True,False
279,460000095090129828,123.3495178,41.79727936,770.0,2018-10-03 03:56:45.811,2018-10-03 05:34:07.767,97.36593333333333,True,False
280,460000095090129828,123.3495178,41.79727936,770.0,2018-10-03 06:43:25.368,2018-10-03 07:56:57.327,73.53265,False,False
281,460000095090129828,123.3495178,41.79727936,770.0,2018-10-03 08:55:56.432,2018-10-03 09:59:30.819,63.57311666666667,False,False
283,460000095090129828,123.44792038,41.739194700000006,772.0,2018-10-03 10:27:37.816,2018-10-03 11:19:15.591,51.629583333333336,False,True
284,460000095090129828,123.54615367,42.45382552,226.0,2018-10-03 16:54:18.644,2018-10-03 17:36:35.042,42.2733,False,False
289,460000095090191628,122.8239136,42.01221848,136.0,2018-10-03 00:28:04.631,2018-10-03 00:54:12.411,26.129666666666665,True,False
290,460000095090191628,122.8239136,42.01221848,136.0,2018-10-03 02:48:00.158,2018-10-03 03:17:30.836,29.511300000000002,True,False
291,460000095090191628,122.8239136,42.01221848,136.0,2018-10-03 04:30:22.239,2018-10-03 05:19:23.036,49.013283333333334,True,False
292,460000095090191628,122.82576296,42.01231461,136.0,2018-10-03 09:21:43.096,2018-10-03 10:09:39.738,47.94403333333333,False,True
295,460000095090191628,123.46445849999999,41.80625534,138.0,2018-10-03 12:37:41.991,2018-10-03 13:13:31.172,35.81968333333334,False,False
296,460000095090191628,123.45835190000001,41.80146713,914.0,2018-10-03 14:11:33.956,2018-10-03 15:35:40.572,84.11026666666666,False,True
297,460000095090191628,123.46865467,41.83117549,140.0,2018-10-03 17:14:13.049,2018-10-03 18:01:41.309,47.471000000000004,False,False
298,460000095090191628,123.4746933,41.83179855,141.0,2018-10-03 19:07:41.618,2018-10-03 20:33:14.147,85.54215,False,False
299,460000095090191628,123.41215627,41.80921337,6.0,2018-10-03 20:47:33.528,2018-10-03 21:58:23.026,70.82496666666665,True,False
300,460000095090191628,123.41035845,41.80837059,56.0,2018-10-03 22:55:33.326,2018-10-03 23:53:53.346,58.333666666666666,True,False
301,460000095090758498,123.42029174,41.8071537,1184.0,2018-10-03 07:00:58.548,2018-10-03 11:59:40.545,298.69995,False,False
302,460000095090758498,123.39176059,41.79382766,1071.0,2018-10-03 12:30:26.205,2018-10-03 13:52:24.601,81.97326666666666,False,False
303,460000095090758498,123.41769923,41.78013302,172.0,2018-10-03 15:05:25.215,2018-10-03 21:36:57.282,391.53445,False,False
304,460000095090758498,123.39328252,41.79392469,915.0,2018-10-03 22:15:47.265,2018-10-03 23:55:56.625,100.15599999999999,True,False
305,460000095091180583,123.45566164,41.81133355,601.0,2018-10-03 00:02:14.860,2018-10-03 02:36:49.822,154.5827,True,False
306,460000095091180583,123.46466574,41.80383089,157.0,2018-10-03 03:19:59.427,2018-10-03 04:31:59.194,71.99611666666667,True,False
307,460000095091180583,123.4649277,41.80207825,630.0,2018-10-03 06:11:53.538,2018-10-03 06:40:54.707,29.019483333333334,True,False
308,460000095091180583,123.46615599,41.80258751,449.0,2018-10-03 11:14:38.922,2018-10-03 12:03:23.171,48.73748333333333,False,False
309,460000095091180583,123.45572659999998,41.80102348,640.0,2018-10-03 12:53:19.217,2018-10-03 13:48:18.306,54.98481666666667,False,False
310,460000095091180583,123.44900799,41.81297398,102.0,2018-10-03 16:12:30.883,2018-10-03 16:42:51.656,30.346216666666667,False,True
311,460000095091180583,123.4428192,41.81599579,1379.0,2018-10-03 17:15:18.860,2018-10-03 17:46:34.489,31.260483333333333,False,False
312,460000095091180583,123.44188238,41.81520011,1379.0,2018-10-03 18:20:56.144,2018-10-03 20:41:58.260,141.03526666666667,False,False
314,460000095091180583,123.38562246,41.81386214,634.0,2018-10-03 21:37:11.234,2018-10-03 23:20:14.559,103.05541666666666,True,False
315,460000095091180583,123.44014975,41.81447778,628.0,2018-10-03 23:24:35.831,2018-10-03 23:56:21.920,31.76815,True,False
317,460000095093417729,123.3417969,41.66085815,460.0,2018-10-03 05:58:30.277,2018-10-03 06:32:00.950,33.51121666666667,True,False
318,460000095093417729,123.34001352,41.661843299999994,460.0,2018-10-03 08:17:17.505,2018-10-03 09:31:08.941,73.85726666666666,False,False
319,460000095093417729,123.3936825,41.7772398,276.0,2018-10-03 10:48:37.155,2018-10-03 11:04:09.546,15.53985,False,True
320,460000095093417729,123.39974209999998,41.79064178,459.0,2018-10-03 13:34:20.644,2018-10-03 14:18:40.305,44.32768333333333,False,False
321,460000095093417729,123.4042511,41.80353928,397.0,2018-10-03 16:01:55.857,2018-10-03 16:31:12.965,29.28513333333333,False,True
322,460000095093417729,123.39756395,41.79464483,1132.0,2018-10-03 18:51:03.646,2018-10-03 19:29:01.384,37.9623,False,False
323,460000095093417729,123.40345327,41.80436761,397.0,2018-10-03 21:05:51.113,2018-10-03 21:57:31.830,51.67861666666667,True,False
324,460000095093417729,123.40292358,41.80564213,437.0,2018-10-03 22:30:36.286,2018-10-03 23:03:15.253,32.64945,True,False
326,460000095093938695,123.40872959999999,41.80886078,43.0,2018-10-03 07:43:17.039,2018-10-03 08:04:40.453,21.390233333333335,False,False
327,460000095093938695,123.40710530000001,41.80677334,270.0,2018-10-03 08:35:03.106,2018-10-03 12:04:43.214,209.66846666666666,False,False
328,460000095093938695,123.40832267,41.80723317,270.0,2018-10-03 12:41:08.090,2018-10-03 13:05:59.350,24.854333333333333,False,False
329,460000095093938695,123.40553283,41.80773108,270.0,2018-10-03 15:54:05.570,2018-10-03 16:42:17.051,48.19135000000001,False,True
330,460000095093938695,123.3911845,41.7850825,684.0,2018-10-03 19:32:34.320,2018-10-03 19:54:22.203,21.79805,False,False
331,460000095093938695,123.43904367,41.80479304,1.0,2018-10-03 21:05:31.953,2018-10-03 21:24:37.835,19.098033333333333,True,False
332,460000095093938695,123.43785859999998,41.80459976,587.0,2018-10-03 22:47:07.526,2018-10-03 23:55:26.113,68.30978333333334,True,False
333,460020095000526731,123.41596979999998,41.80778122,0.0,2018-10-03 01:39:16.598,2018-10-03 02:07:57.526,28.682133333333336,True,False
334,460020095000526731,123.41791387,41.80579939,186.0,2018-10-03 07:26:21.706,2018-10-03 10:06:45.130,160.39040000000003,False,False
335,460020095000526731,123.42044447,41.807827,1184.0,2018-10-03 10:43:55.426,2018-10-03 11:19:08.946,35.22533333333333,False,True
336,460020095000526731,123.41596979999998,41.80778122,0.0,2018-10-03 12:00:59.357,2018-10-03 13:03:42.196,62.71398333333333,False,False
337,460020095000526731,123.42563246,41.80609894,648.0,2018-10-03 13:53:06.662,2018-10-03 15:46:59.336,113.8779,False,False
338,460020095000526731,123.41536739,41.80766983,0.0,2018-10-03 16:25:04.431,2018-10-03 19:01:04.821,156.0065,False,False
339,460020095000526731,123.41439405,41.80554375,908.0,2018-10-03 20:15:53.430,2018-10-03 22:09:56.124,114.04490000000001,True,False
341,460020095000586650,123.41915130000001,41.75864029,377.0,2018-10-03 01:04:48.880,2018-10-03 02:17:51.629,73.04581666666667,True,False
342,460020095000586650,123.41915130000001,41.75864029,377.0,2018-10-03 06:20:53.576,2018-10-03 06:46:35.574,25.69996666666667,True,False
343,460020095000586650,123.41915130000001,41.75864029,377.0,2018-10-03 07:30:22.635,2018-10-03 08:20:22.655,50.00033333333333,False,False
346,460020095000586650,123.41915130000001,41.75864029,377.0,2018-10-03 11:00:22.454,2018-10-03 11:34:06.465,33.73351666666667,False,True
347,460020095000586650,123.41915130000001,41.75864029,377.0,2018-10-03 15:42:23.585,2018-10-03 16:16:22.030,33.97408333333333,False,True
348,460020095000586650,123.40922644,41.75409889,216.0,2018-10-03 16:52:06.005,2018-10-03 17:33:09.476,41.05785,False,False
349,460020095000586650,123.4106903,41.80588913,131.0,2018-10-03 18:22:50.382,2018-10-03 19:44:11.834,81.35753333333334,False,False
350,460020095000586650,123.43397267,41.75717926,18.0,2018-10-03 20:50:17.334,2018-10-03 21:14:43.432,24.434966666666664,True,False
351,460020095000636300,123.4500529,41.78982671,963.0,2018-10-03 08:35:54.997,2018-10-03 08:55:21.806,19.446816666666667,False,False
352,460020095000636300,123.45193538,41.78768485,958.0,2018-10-03 09:30:44.018,2018-10-03 11:58:00.615,147.27661666666665,False,True
353,460020095000636300,123.41657512,41.81865883,513.0,2018-10-03 13:01:23.549,2018-10-03 13:22:31.827,21.137966666666667,False,False
354,460020095000636300,123.39796554,41.86893136,960.0,2018-10-03 14:31:30.670,2018-10-03 14:55:18.622,23.7992,False,True
355,460020095000636300,123.40952495,41.80926037,43.0,2018-10-03 21:14:26.311,2018-10-03 23:37:32.392,143.10135,True,False
356,460020095000646396,123.41277112,41.81697149,58.0,2018-10-03 00:01:23.218,2018-10-03 01:25:14.453,83.85391666666666,True,False
357,460020095000646396,123.35844975,41.83393112,1258.0,2018-10-03 01:27:57.602,2018-10-03 02:07:58.234,40.010533333333335,True,False
359,460020095000646396,123.36179048,41.82679024,1411.0,2018-10-03 15:25:11.333,2018-10-03 16:13:10.736,47.99005,False,True
360,460020095000646396,123.45900622,41.80819078,638.0,2018-10-03 16:20:34.940,2018-10-03 17:02:21.418,41.774633333333334,False,False
362,460020095000646396,123.379186,41.79941686,1264.0,2018-10-03 18:20:14.609,2018-10-03 18:42:39.747,22.418966666666666,False,False
365,460020095000646396,123.40661094,41.81392288,1318.0,2018-10-03 19:55:01.546,2018-10-03 20:28:53.707,33.869350000000004,False,False
371,460020095000646396,123.43081985,41.80485202,11.0,2018-10-03 22:19:57.948,2018-10-03 23:11:52.198,51.90416666666667,True,False
372,460020095000646396,123.3788199,41.81003293,1045.0,2018-10-03 23:18:13.117,2018-10-03 23:55:18.021,37.08173333333333,True,False
373,460020095001192336,123.41596979999998,41.80778122,0.0,2018-10-03 00:07:06.914,2018-10-03 00:26:49.173,19.704316666666667,True,False
374,460020095001192336,123.41596979999998,41.80778122,0.0,2018-10-03 01:44:56.503,2018-10-03 02:24:09.203,39.211666666666666,True,False
375,460020095001192336,123.41517635,41.80974006,13.0,2018-10-03 04:51:42.494,2018-10-03 05:21:09.826,29.455533333333335,True,False
376,460020095001192336,123.41394655,41.80577774,908.0,2018-10-03 06:00:29.461,2018-10-03 07:21:45.030,81.25948333333334,False,False
377,460020095001192336,123.41483791,41.80666039,908.0,2018-10-03 07:52:51.405,2018-10-03 08:39:33.177,46.6962,False,False
378,460020095001192336,123.41371459999999,41.81412048,59.0,2018-10-03 09:16:46.230,2018-10-03 09:46:53.177,30.115783333333333,False,True
379,460020095001192336,123.41530279,41.80712073,908.0,2018-10-03 11:05:37.536,2018-10-03 12:45:41.343,100.06345,False,False
380,460020095001192336,123.4128571,41.80469894,10.0,2018-10-03 14:42:14.549,2018-10-03 15:27:13.516,44.98278333333334,False,True
381,460020095001192336,123.41360158,41.80604585,908.0,2018-10-03 17:37:17.212,2018-10-03 19:34:22.945,117.09555,False,False
382,460020095001192336,123.41331484,41.80679893,908.0,2018-10-03 20:10:26.061,2018-10-03 21:25:47.585,75.35873333333333,True,False
383,460020095001192336,123.41596979999998,41.80778122,0.0,2018-10-03 23:09:38.121,2018-10-03 23:52:23.246,42.75208333333333,True,False
384,460020095001645387,123.3910108,41.81047276,436.0,2018-10-03 00:03:06.573,2018-10-03 01:07:03.030,63.94095,True,False
385,460020095001645387,123.3900375,41.80822086,465.0,2018-10-03 06:29:47.924,2018-10-03 06:46:24.298,16.606233333333332,True,False
386,460020095001645387,123.39056647,41.81046422,436.0,2018-10-03 08:39:54.993,2018-10-03 08:55:50.816,15.930383333333333,False,False
387,460020095001645387,123.40204840000001,41.81062535,805.0,2018-10-03 09:27:21.224,2018-10-03 10:21:58.932,54.62846666666667,False,True
388,460020095001645387,123.41400696,41.80997576,62.0,2018-10-03 16:43:36.144,2018-10-03 17:29:03.302,45.45263333333333,False,False
389,460020095001645387,123.39685060000001,41.809619899999994,527.0,2018-10-03 18:15:38.792,2018-10-03 19:02:33.784,46.916533333333334,False,False
390,460020095001645387,123.39685060000001,41.809619899999994,527.0,2018-10-03 19:44:30.216,2018-10-03 20:04:43.671,20.224249999999998,False,False
391,460020095001775162,123.41596979999998,41.80778122,0.0,2018-10-03 00:46:07.066,2018-10-03 01:16:08.080,30.0169,True,False
392,460020095001775162,123.41596979999998,41.80778122,0.0,2018-10-03 01:46:18.076,2018-10-03 02:11:17.057,24.983016666666668,True,False
393,460020095001775162,123.41547390000001,41.80748485,0.0,2018-10-03 03:56:07.120,2018-10-03 06:14:02.561,137.9240166666667,True,False
394,460020095001775162,123.41463263,41.80664236,908.0,2018-10-03 06:48:11.784,2018-10-03 08:02:17.100,74.0886,False,False
395,460020095001775162,123.41489564,41.80712509,908.0,2018-10-03 08:51:24.094,2018-10-03 09:35:54.178,44.5014,False,False
396,460020095001775162,123.41596979999998,41.80778122,0.0,2018-10-03 10:18:33.286,2018-10-03 10:38:33.324,20.000633333333333,False,True
397,460020095001775162,123.41563412,41.80757618,0.0,2018-10-03 11:13:36.918,2018-10-03 12:08:56.477,55.32598333333333,False,False
398,460020095001775162,123.41477967,41.80685743,908.0,2018-10-03 12:44:24.319,2018-10-03 15:07:15.246,142.84878333333333,False,False
399,460020095001775162,123.41485848,41.80752436,908.0,2018-10-03 16:16:17.243,2018-10-03 17:22:14.695,65.95753333333333,False,False
400,460020095001775162,123.4151415,41.80710656,908.0,2018-10-03 18:24:24.784,2018-10-03 19:20:50.195,56.423516666666664,False,False
401,460020095001775162,123.41568683,41.80750101,0.0,2018-10-03 21:13:02.107,2018-10-03 22:25:20.005,72.2983,True,False
403,460020095002685457,123.40476038,41.797076700000005,356.0,2018-10-03 15:26:14.437,2018-10-03 15:57:43.489,31.484199999999998,False,True
404,460020095002685457,123.41755008,41.8062849,186.0,2018-10-03 16:29:07.030,2018-10-03 17:21:14.426,52.12326666666667,False,False
405,460020095002685457,123.41626894,41.80243988,253.0,2018-10-03 18:03:27.555,2018-10-03 18:19:57.186,16.49385,False,False
406,460020095002685457,123.41560237,41.80300183,253.0,2018-10-03 18:52:07.348,2018-10-03 21:22:42.175,150.58044999999998,False,False
407,460020095002685457,123.41763021,41.80269909,1093.0,2018-10-03 21:57:43.899,2018-10-03 22:35:52.430,38.142183333333335,True,False
408,460020095002693054,123.40875559,41.80859627,43.0,2018-10-03 00:01:37.692,2018-10-03 07:01:19.261,419.69281666666666,False,False
409,460020095002693054,123.40831578,41.80714357,270.0,2018-10-03 08:20:41.476,2018-10-03 16:19:00.793,478.32194999999996,False,False
410,460020095002693054,123.47065595,41.80301701,910.0,2018-10-03 16:42:14.333,2018-10-03 18:18:55.232,96.68165,False,False
411,460020095002693054,123.46331118,41.80255127,913.0,2018-10-03 19:12:17.511,2018-10-03 19:55:24.783,43.1212,False,False
412,460020095002693054,123.46909905,41.80300045,629.0,2018-10-03 20:57:09.969,2018-10-03 21:26:10.703,29.01223333333333,True,False
413,460020095002693054,123.47119140000001,41.80286026,910.0,2018-10-03 23:04:22.240,2018-10-03 23:55:39.098,51.28096666666667,True,False
414,460020095002752094,123.41657132,41.87957446,917.0,2018-10-03 12:00:18.307,2018-10-03 12:17:34.588,17.271349999999998,False,False
417,460020095002752094,123.41527302,41.88485908,358.0,2018-10-03 13:53:59.697,2018-10-03 14:22:49.763,28.834433333333333,False,False
419,460020095002752094,123.41807938,41.83226458,558.0,2018-10-03 15:33:04.672,2018-10-03 15:58:18.283,25.226850000000002,False,True
420,460020095002752094,123.41197586,41.88021135,918.0,2018-10-03 16:23:18.466,2018-10-03 17:00:33.221,37.245916666666666,False,False
422,460020095002752094,123.41096973,41.87022638,955.0,2018-10-03 18:10:26.908,2018-10-03 18:45:03.102,34.603233333333336,False,False
423,460020095002752094,123.41370544,41.88302154,918.0,2018-10-03 20:51:18.151,2018-10-03 21:19:18.150,27.999983333333333,True,False
424,460020095002752094,123.45303045,41.83829203,922.0,2018-10-03 21:47:45.015,2018-10-03 23:30:32.815,102.79666666666667,True,False
426,460020095002765063,123.32422488,41.66681213,936.0,2018-10-03 16:01:10.153,2018-10-03 16:35:39.838,34.494749999999996,False,True
427,460020095002765063,123.32286729,41.66769845,936.0,2018-10-03 17:07:53.046,2018-10-03 18:15:03.288,67.1707,False,False
430,460020095002765063,123.40993555,41.80915779,43.0,2018-10-03 20:45:06.071,2018-10-03 23:53:20.092,188.23368333333335,True,False
431,460020095003040400,123.41111753,41.80283101,349.0,2018-10-03 13:12:04.585,2018-10-03 13:38:48.292,26.728450000000002,False,False
432,460020095003693826,123.411911,41.81045914,6.0,2018-10-03 15:31:11.516,2018-10-03 15:55:26.141,24.24375,False,True
433,460020095003693826,123.41251582,41.80939206,6.0,2018-10-03 17:17:12.765,2018-10-03 17:39:38.040,22.42125,False,False
434,460020095003693826,123.41200561,41.80988312,6.0,2018-10-03 20:05:06.793,2018-10-03 21:05:08.915,60.03536666666666,True,False
435,460020095003693826,123.41210022,41.8093071,6.0,2018-10-03 22:41:15.185,2018-10-03 23:19:35.795,38.3435,True,False
437,460020095004258157,123.40872307,41.80671981,64.0,2018-10-03 18:45:54.425,2018-10-03 20:27:43.940,101.82525000000001,False,False
440,460020095004730821,123.47802479999999,41.82108052,1403.0,2018-10-03 02:05:43.724,2018-10-03 02:25:38.590,19.91443333333333,True,False
441,460020095004730821,123.44105224,41.81196976,633.0,2018-10-03 02:27:58.202,2018-10-03 03:02:32.707,34.57508333333333,True,False
442,460020095004730821,123.41073353,41.83201345,1358.0,2018-10-03 02:30:45.515,2018-10-03 02:50:30.071,19.7426,True,False
443,460020095004730821,123.48814773,41.78719025,1406.0,2018-10-03 03:11:01.829,2018-10-03 03:48:09.525,37.12826666666667,True,False
444,460020095004730821,123.53561316,41.80911213,1407.0,2018-10-03 04:57:00.859,2018-10-03 09:58:09.127,301.1378,False,False
445,460020095004730821,123.53186032,41.80513001,1428.0,2018-10-03 15:35:41.060,2018-10-03 16:26:00.171,50.31851666666667,False,True
446,460020095004730821,123.44535699,41.81734615,904.0,2018-10-03 16:35:19.497,2018-10-03 17:33:55.041,58.5924,False,False
447,460020095004730821,123.34983309,41.80649158,408.0,2018-10-03 17:54:58.382,2018-10-03 18:47:25.634,52.4542,False,False
449,460020095004730821,123.39519586,41.7382999,540.0,2018-10-03 19:13:07.816,2018-10-03 19:47:29.398,34.3597,False,False
450,460020095004730821,123.39068858,41.78184636,1269.0,2018-10-03 20:06:31.564,2018-10-03 20:30:36.695,24.085516666666667,True,False
451,460020095004730821,123.49237695,41.80913671,1228.0,2018-10-03 21:22:46.987,2018-10-03 21:49:37.082,26.83491666666667,True,False
452,460020095004730821,123.41020117,41.8409356,966.0,2018-10-03 22:02:11.639,2018-10-03 22:49:31.496,47.33095,True,False
454,460020095004730821,123.39127256,41.7981801,1368.0,2018-10-03 23:29:32.635,2018-10-03 23:56:08.814,26.602983333333334,True,False
455,460020095004751842,123.4042511,41.80353928,397.0,2018-10-03 05:50:12.359,2018-10-03 06:13:35.091,23.378866666666667,True,False
456,460020095004751842,123.4042511,41.80353928,397.0,2018-10-03 09:42:55.691,2018-10-03 10:06:26.533,23.514033333333334,False,True
457,460020095004751842,123.40710448,41.81425324,952.0,2018-10-03 13:41:54.259,2018-10-03 14:25:38.092,43.73055,False,False
458,460020095004751842,123.4064331,41.81716919,398.0,2018-10-03 15:12:09.562,2018-10-03 15:50:05.804,37.93736666666667,False,True
459,460020095004751842,123.4064331,41.81716919,398.0,2018-10-03 16:25:36.851,2018-10-03 17:40:37.497,75.01076666666667,False,False
460,460020095004751842,123.41209449,41.81693007,55.0,2018-10-03 19:04:41.922,2018-10-03 21:02:27.545,117.76038333333332,False,False
461,460020095006349317,123.41198729999999,41.8078804,56.0,2018-10-03 00:05:54.454,2018-10-03 00:31:18.462,25.400133333333333,True,False
462,460020095006349317,123.40756032,41.78543758,1131.0,2018-10-03 01:05:26.568,2018-10-03 01:21:24.550,15.966366666666666,True,False
464,460020095006349317,123.44405707,41.79694324,1133.0,2018-10-03 02:55:07.644,2018-10-03 03:40:54.342,45.778299999999994,True,False
465,460020095006349317,123.44717788,41.79704475,1123.0,2018-10-03 04:20:27.022,2018-10-03 04:41:54.085,21.451050000000002,True,False
466,460020095006349317,123.44495829999998,41.79692759,1133.0,2018-10-03 06:10:09.753,2018-10-03 07:36:41.947,86.53656666666667,False,False
467,460020095006349317,123.44950976,41.79974256,518.0,2018-10-03 11:00:12.233,2018-10-03 11:57:42.028,57.496583333333334,False,True
468,460020095006349317,123.45304875,41.79600525,295.0,2018-10-03 18:16:31.387,2018-10-03 18:40:52.076,24.344816666666667,False,False
469,460020095006349317,123.41079335,41.80677986,667.0,2018-10-03 20:47:00.036,2018-10-03 21:18:20.207,31.336183333333334,True,False
470,460020095006349317,123.40872959999999,41.80886078,43.0,2018-10-03 22:59:02.441,2018-10-03 23:44:19.273,45.28053333333333,True,False
471,460020095009127182,123.42483331,41.81946818,324.0,2018-10-03 11:21:54.418,2018-10-03 12:04:19.088,42.41116666666667,False,False
472,460020095009127182,123.417511,41.82001114,513.0,2018-10-03 12:43:43.610,2018-10-03 15:51:35.844,187.87056666666666,False,False
473,460020095009127182,123.41804506,41.81957203,513.0,2018-10-03 16:38:21.302,2018-10-03 17:02:12.999,23.861616666666666,False,False
474,460020095009127182,123.40104184,41.79271234,14.0,2018-10-03 17:11:08.957,2018-10-03 18:52:31.767,101.38016666666667,False,False
475,460020095009127182,123.41657674,41.81931929,513.0,2018-10-03 18:59:23.747,2018-10-03 19:35:25.641,36.03156666666666,False,False
477,460020095009127182,123.41818086,41.81982117,513.0,2018-10-03 21:12:37.736,2018-10-03 21:44:25.784,31.8008,True,False
478,460020095009713959,123.3898392,41.80075073,1186.0,2018-10-03 00:07:38.691,2018-10-03 01:35:41.211,88.042,True,False
479,460020095009713959,123.38954832,41.79822588,668.0,2018-10-03 02:24:34.974,2018-10-03 04:02:26.340,97.8561,True,False
480,460020095009713959,123.39033996,41.79965626,1186.0,2018-10-03 07:30:33.781,2018-10-03 09:36:12.943,125.65270000000001,False,False
481,460020095009713959,123.45254518,41.80055618,1134.0,2018-10-03 09:53:14.952,2018-10-03 10:28:18.944,35.06653333333334,False,True
482,460020095009713959,123.45403543,41.79986445,139.0,2018-10-03 11:20:54.379,2018-10-03 11:44:02.544,23.136083333333332,False,True
483,460020095009713959,123.45746609999999,41.80145136,914.0,2018-10-03 12:16:27.128,2018-10-03 12:45:38.378,29.1875,False,False
484,460020095009713959,123.45606818,41.79751939,295.0,2018-10-03 13:33:44.766,2018-10-03 14:48:48.553,75.06311666666667,False,False
485,460020095009713959,123.4443082,41.79743472,1133.0,2018-10-03 15:39:25.284,2018-10-03 16:15:43.149,36.29774999999999,False,True
486,460020095009713959,123.39151766,41.79744805,1368.0,2018-10-03 16:25:45.366,2018-10-03 18:14:36.407,108.85068333333334,False,False
487,460020095009713959,123.40539119,41.80694199,270.0,2018-10-03 18:46:43.591,2018-10-03 19:47:54.212,61.17701666666667,False,False
488,460020095009713959,123.39462282,41.80195952,434.0,2018-10-03 20:48:58.426,2018-10-03 21:38:53.618,49.919866666666664,True,False
489,460020095013629082,123.40996312,41.80884483,43.0,2018-10-03 00:05:02.688,2018-10-03 01:52:03.565,107.01461666666667,True,False
490,460020095013629082,123.48369926,41.79125595,1447.0,2018-10-03 02:02:18.875,2018-10-03 03:47:52.026,105.55251666666666,True,False
491,460020095013629082,123.48361969999999,41.79064178,1447.0,2018-10-03 06:29:19.649,2018-10-03 07:40:09.603,70.83256666666666,False,False
493,460020095013629082,123.48469593,41.79590785,1408.0,2018-10-03 09:54:02.842,2018-10-03 12:08:38.707,134.59775,False,False
494,460020095013629082,123.4856567,41.80027008,1328.0,2018-10-03 15:03:10.108,2018-10-03 15:31:25.031,28.248716666666667,False,True
495,460020095013629082,123.47844394,41.79138031,1446.0,2018-10-03 20:21:57.457,2018-10-03 20:41:33.925,19.6078,True,False
496,460020095013629082,123.48379613,41.79957676,1435.0,2018-10-03 21:26:10.844,2018-10-03 23:03:34.664,97.39699999999999,True,False
497,460020095013629082,123.40591558,41.8001283,400.0,2018-10-03 23:17:29.335,2018-10-03 23:55:30.611,38.02126666666666,True,False
498,460020095019213379,123.43420108,41.77595825,562.0,2018-10-03 17:15:04.876,2018-10-03 17:51:33.977,36.48501666666667,False,False
499,460020095019213379,123.43482713,41.77915064,1092.0,2018-10-03 18:22:55.210,2018-10-03 18:50:01.046,27.097266666666666,False,False
500,460020095019213379,123.41479495,41.81396103,59.0,2018-10-03 19:06:44.511,2018-10-03 19:37:22.646,30.635583333333333,False,False
501,460020095019213379,123.41079886,41.80713484,667.0,2018-10-03 20:08:22.210,2018-10-03 21:21:19.827,72.96028333333334,True,False
502,460020095019213379,123.40811339,41.77758654,1146.0,2018-10-03 21:30:34.321,2018-10-03 23:29:44.460,119.16898333333333,True,False
503,460020095019361156,123.34127199,41.42934596,811.0,2018-10-03 00:39:30.659,2018-10-03 01:46:29.863,66.98673333333333,True,False
504,460020095019361156,123.34107209999999,41.42948151,811.0,2018-10-03 02:34:13.213,2018-10-03 03:30:28.778,56.25941666666667,True,False
505,460020095019361156,123.34157182,41.42914264,811.0,2018-10-03 04:58:11.055,2018-10-03 05:54:12.786,56.028850000000006,True,False
506,460020095019361156,123.34144689,41.42922736,811.0,2018-10-03 07:18:12.933,2018-10-03 08:34:28.798,76.26441666666666,False,False
507,460020095019361156,123.34107209999999,41.42948151,811.0,2018-10-03 09:08:13.318,2018-10-03 09:55:51.619,47.638349999999996,False,True
508,460020095019361156,123.33717052,41.42929899,814.0,2018-10-03 10:38:30.260,2018-10-03 12:37:44.778,119.24196666666667,False,False
509,460020095019361156,123.33099974,41.42808075,817.0,2018-10-03 13:16:26.693,2018-10-03 14:14:41.214,58.24201666666667,False,False
510,460020095019361156,123.33224202,41.428421500000006,817.0,2018-10-03 14:56:36.451,2018-10-03 17:09:44.331,133.13133333333334,False,False
511,460020095019361156,123.41097005,41.80569649,131.0,2018-10-03 19:31:06.962,2018-10-03 20:22:48.485,51.69205,False,False
512,460020095019361156,123.33093872,41.42321853,820.0,2018-10-03 21:26:30.661,2018-10-03 22:23:13.692,56.71718333333333,True,False
513,460020095019361156,123.34107209999999,41.42948151,811.0,2018-10-03 22:53:22.433,2018-10-03 23:55:49.063,62.44383333333334,True,False
515,460020095020693878,123.41469828,41.80366325,253.0,2018-10-03 22:46:09.281,2018-10-03 23:47:27.279,61.29996666666667,True,False
516,460020095020826206,123.33047764,41.65481775,595.0,2018-10-03 09:55:59.306,2018-10-03 10:53:33.015,57.561816666666665,False,True
517,460020095020826206,123.33983723,41.66078458,460.0,2018-10-03 11:29:15.292,2018-10-03 12:35:35.566,66.3379,False,False
519,460020095020826206,123.34569617,41.66342385,469.0,2018-10-03 15:07:00.049,2018-10-03 17:14:44.756,127.74511666666668,False,False
520,460020095020826206,123.33374375,41.65708219,975.0,2018-10-03 17:54:09.569,2018-10-03 19:05:04.609,70.91733333333333,False,False
521,460020095020826206,123.34683989999999,41.66125743,981.0,2018-10-03 19:35:22.741,2018-10-03 20:19:00.451,43.6285,False,False
522,460020095020826206,123.39607240000002,41.77682114,119.0,2018-10-03 20:47:46.385,2018-10-03 21:04:16.780,16.50658333333333,True,False
523,460020095020826206,123.40872420000001,41.80685021,64.0,2018-10-03 22:15:28.965,2018-10-03 23:49:11.991,93.7171,True,False
524,460020095021709464,123.40607390000001,41.79291349,296.0,2018-10-03 00:07:04.944,2018-10-03 10:05:19.451,598.2417833333333,False,False
527,460020095024525542,123.41198729999999,41.8078804,56.0,2018-10-03 22:06:40.476,2018-10-03 22:30:06.734,23.437633333333334,True,False
528,460020095024525542,123.41198729999999,41.8078804,56.0,2018-10-03 23:00:22.050,2018-10-03 23:26:27.494,26.090733333333333,True,False
529,460020095024525542,123.38274956,41.79751968,353.0,2018-10-03 23:31:31.012,2018-10-03 23:54:02.680,22.5278,True,False
530,460020095024652194,123.41470337,41.80918853,0.0,2018-10-03 10:18:20.505,2018-10-03 11:32:31.682,74.18628333333332,False,True
531,460020095024652194,123.40508270000001,41.85525004,919.0,2018-10-03 11:52:45.171,2018-10-03 12:12:07.378,19.370116666666668,False,False
532,460020095024652194,123.40487195,41.82816911,1391.0,2018-10-03 12:22:04.043,2018-10-03 14:19:50.045,117.7667,False,False
534,460020095024652194,123.37532040000002,41.86518097,693.0,2018-10-03 17:48:18.302,2018-10-03 18:33:08.558,44.837599999999995,False,False
535,460020095024652194,123.35664558,41.79716396,1392.0,2018-10-03 20:13:18.345,2018-10-03 21:06:47.130,53.479749999999996,True,False
537,460020095025511997,123.45828517,41.80006733,321.0,2018-10-03 10:32:40.720,2018-10-03 13:40:10.372,187.4942,False,False
539,460020095025511997,123.40326687,41.91759872,374.0,2018-10-03 15:51:23.498,2018-10-03 16:25:00.732,33.62056666666667,False,True
540,460020095025511997,123.40416095,41.92430531,362.0,2018-10-03 18:50:58.262,2018-10-03 19:50:51.219,59.882616666666664,False,False
543,460020095025588848,123.40721303,41.8067983,270.0,2018-10-03 18:51:32.810,2018-10-03 20:05:51.297,74.30811666666666,False,False
544,460020095025588848,123.40576412,41.79983983,25.0,2018-10-03 20:50:39.826,2018-10-03 23:44:31.894,173.8678,True,False
545,460020095025609903,123.41397738,41.79824722,193.0,2018-10-03 00:02:12.026,2018-10-03 03:02:32.189,180.33605,True,False
546,460020095025609903,123.41155243,41.80862045,56.0,2018-10-03 16:07:35.721,2018-10-03 16:24:36.936,17.02025,False,True
549,460020095025669655,123.33111570000001,41.75082143,1369.0,2018-10-03 15:23:57.676,2018-10-03 16:09:06.869,45.15321666666667,False,True
550,460020095025669655,123.38237076,41.78954353,554.0,2018-10-03 16:53:48.945,2018-10-03 18:15:53.743,82.07996666666666,False,False
551,460020095025669655,123.40818459999998,41.805914200000004,270.0,2018-10-03 19:46:44.462,2018-10-03 20:52:28.885,65.74038333333333,False,False
552,460020095025669655,123.4106903,41.80588913,131.0,2018-10-03 21:26:01.924,2018-10-03 21:57:41.999,31.667916666666667,True,False
553,460020095025669655,123.4106903,41.80588913,131.0,2018-10-03 22:40:59.139,2018-10-03 23:37:11.926,56.213116666666664,True,False
554,460020095025808757,123.42637785,41.81869085,324.0,2018-10-03 00:36:35.649,2018-10-03 07:55:45.330,439.16135,False,False
555,460020095025808757,123.43798340000001,41.80971582,148.0,2018-10-03 08:38:03.463,2018-10-03 10:02:45.549,84.70143333333334,False,False
556,460020095025808757,123.45892279,41.79996148,321.0,2018-10-03 10:33:09.720,2018-10-03 14:11:14.586,218.0811,False,False
558,460020095025808757,123.4629676,41.95548803,323.0,2018-10-03 14:54:59.058,2018-10-03 16:06:46.691,71.79388333333333,False,True
559,460020095025808757,123.61987557,41.84459686,329.0,2018-10-03 16:44:24.115,2018-10-03 17:08:09.776,23.761016666666666,False,False
560,460020095025808757,123.62052150000001,41.84529114,329.0,2018-10-03 17:41:07.795,2018-10-03 17:58:57.698,17.83171666666667,False,False
562,460020095025808757,123.41181137,41.80964945,6.0,2018-10-03 19:03:03.075,2018-10-03 23:50:27.092,287.40028333333333,False,False
563,460020095026670626,123.41023249999999,41.79447174,267.0,2018-10-03 06:36:57.523,2018-10-03 07:12:49.935,35.87353333333333,False,False
565,460020095026670626,123.41095986,41.79416148,267.0,2018-10-03 08:57:42.173,2018-10-03 10:47:30.935,109.81269999999999,False,False
567,460020095026670626,123.41267243,41.79524866,266.0,2018-10-03 13:23:24.773,2018-10-03 15:25:12.260,121.79145,False,False
568,460020095026670626,123.41381840000001,41.79597855,265.0,2018-10-03 17:46:54.449,2018-10-03 18:40:20.860,53.44018333333334,False,False
569,460020095026670626,123.41205155,41.80461661,10.0,2018-10-03 19:13:19.734,2018-10-03 21:21:46.633,128.44831666666667,False,False
570,460020095026670626,123.41231539,41.79871254,193.0,2018-10-03 21:57:08.880,2018-10-03 22:57:23.518,60.243966666666665,True,False
571,460020095027690570,123.41445786,41.79403183,51.0,2018-10-03 08:02:38.264,2018-10-03 09:10:00.203,67.36565,False,False
572,460020095027690570,123.37144265,41.76927508,174.0,2018-10-03 09:51:07.072,2018-10-03 12:33:30.450,162.38963333333334,False,False
573,460020095027690570,123.43940005,41.793082500000004,73.0,2018-10-03 12:44:59.967,2018-10-03 14:32:46.894,107.78211666666667,False,False
575,460020095027690570,123.40874653,41.80685149,64.0,2018-10-03 19:48:56.834,2018-10-03 22:00:58.385,132.02585000000002,False,False
576,460020095027690570,123.40348146,41.78123617,443.0,2018-10-03 22:19:02.512,2018-10-03 23:14:23.054,55.34236666666666,True,False
583,460020095029764850,123.43321943,41.80991959,1201.0,2018-10-03 10:34:08.537,2018-10-03 11:59:59.785,85.85413333333332,False,True
584,460020095029764850,123.43202335,41.80839857,2.0,2018-10-03 12:33:28.800,2018-10-03 13:39:20.895,65.86825,False,False
585,460020095029764850,123.41374993,41.77023773,1305.0,2018-10-03 14:04:49.292,2018-10-03 17:51:39.091,226.82998333333336,False,False
586,460020095029764850,123.43381247,41.80574926,1195.0,2018-10-03 17:58:41.252,2018-10-03 18:15:54.781,17.225483333333333,False,False
587,460020095029764850,123.43318557,41.80740102,1195.0,2018-10-03 19:09:16.593,2018-10-03 19:45:57.524,36.682183333333334,False,False
588,460020095029764850,123.41254951,41.80871421,56.0,2018-10-03 22:00:28.233,2018-10-03 23:56:00.361,115.53546666666666,True,False
590,460020095033733585,123.40899385,41.85297721,655.0,2018-10-03 12:16:25.127,2018-10-03 13:10:45.037,54.33183333333333,False,False
591,460020095033733585,123.40937218,41.84861565,1383.0,2018-10-03 14:59:04.054,2018-10-03 16:44:52.851,105.81328333333333,False,True
592,460020095033733585,123.40928253,41.84885483,1383.0,2018-10-03 17:59:26.257,2018-10-03 20:53:47.499,174.35403333333335,False,False
593,460020095033733585,123.41198729999999,41.8078804,56.0,2018-10-03 22:49:33.672,2018-10-03 23:39:18.477,49.74675,True,False
594,460020095040329737,123.42582828,41.810632700000006,1057.0,2018-10-03 20:22:41.769,2018-10-03 21:41:17.997,78.6038,True,False
595,460020095040371174,123.3980179,41.80838013,757.0,2018-10-03 00:22:58.582,2018-10-03 04:36:24.929,253.43911666666665,True,False
596,460020095040371174,123.3980179,41.80838013,757.0,2018-10-03 05:42:27.004,2018-10-03 05:59:48.778,17.3629,True,False
598,460020095040371174,123.39804842,41.80858612,757.0,2018-10-03 07:19:51.758,2018-10-03 09:06:42.923,106.85275,False,False
599,460020095040371174,123.39819337,41.81571078,1317.0,2018-10-03 10:36:11.425,2018-10-03 12:37:19.334,121.13181666666667,False,False
602,460020095040371174,123.39778444,41.80862808,757.0,2018-10-03 17:24:24.411,2018-10-03 18:10:24.586,46.00291666666667,False,False
604,460020095040671966,123.26918114,41.750213200000005,906.0,2018-10-03 16:57:59.343,2018-10-03 17:38:06.719,40.122933333333336,False,False
606,460020095040671966,123.30677711,41.79513253,739.0,2018-10-03 18:32:15.227,2018-10-03 18:56:14.126,23.98165,False,False
608,460020095040671966,123.42471938,41.82111913,79.0,2018-10-03 19:15:16.795,2018-10-03 19:46:20.765,31.066166666666668,False,False
610,460020095040671966,123.35542952,41.7866983,214.0,2018-10-03 21:35:02.515,2018-10-03 23:02:33.236,87.51201666666665,True,False
611,460020095040671966,123.40659550000001,41.80255127,400.0,2018-10-03 23:08:04.336,2018-10-03 23:50:57.964,42.893800000000006,True,False
612,460020095040749610,123.40883171,41.80825366,43.0,2018-10-03 00:07:57.701,2018-10-03 01:22:56.248,74.97578333333333,True,False
613,460020095040749610,123.40872752,41.80863537,43.0,2018-10-03 02:13:03.719,2018-10-03 03:40:21.725,87.3001,True,False
614,460020095040749610,123.39516822,41.79023929,1082.0,2018-10-03 04:13:37.066,2018-10-03 06:10:59.198,117.36886666666666,True,False
615,460020095040749610,123.35539205,41.76815033,212.0,2018-10-03 15:14:59.857,2018-10-03 16:36:15.095,81.25396666666667,False,True
616,460020095040749610,123.36956942,41.76828537,710.0,2018-10-03 17:39:27.617,2018-10-03 17:58:15.256,18.793983333333333,False,False
617,460020095040749610,123.41463342,41.79299037,51.0,2018-10-03 18:07:38.893,2018-10-03 18:28:26.351,20.79096666666667,False,False
619,460020095040749610,123.41792991,41.7904025,288.0,2018-10-03 19:11:04.164,2018-10-03 20:01:32.717,50.47588333333333,False,False
620,460020095040749610,123.35100683,41.76870982,273.0,2018-10-03 20:11:26.762,2018-10-03 21:02:23.678,50.948600000000006,True,False
621,460020095040749610,123.40990408,41.80818256,43.0,2018-10-03 21:42:21.929,2018-10-03 23:34:18.956,111.95045,True,False
623,460020095042630820,123.40954403,41.80861569,43.0,2018-10-03 21:56:21.820,2018-10-03 22:43:34.137,47.205283333333334,True,False
624,460020095042630820,123.40872959999999,41.80886078,43.0,2018-10-03 23:18:20.875,2018-10-03 23:38:48.567,20.461533333333332,True,False
625,460020095044852955,123.54470829999998,42.4447403,222.0,2018-10-03 00:07:09.127,2018-10-03 03:03:49.985,176.68096666666668,True,False
627,460020095044852955,123.54220094,42.4423256,228.0,2018-10-03 08:16:16.296,2018-10-03 10:28:25.136,132.14733333333334,False,False
628,460020095044852955,123.54145257,42.44187719,228.0,2018-10-03 13:35:19.908,2018-10-03 14:35:05.053,59.75241666666667,False,False
629,460020095044852955,123.554533,42.44353962,225.0,2018-10-03 15:29:05.568,2018-10-03 17:18:57.916,109.87246666666667,False,False
630,460020095044852955,123.55190582,42.4466362,224.0,2018-10-03 17:55:54.402,2018-10-03 18:49:20.945,53.44238333333333,False,False
631,460020095044852955,123.5453186,42.45396042,226.0,2018-10-03 19:37:23.506,2018-10-03 19:59:44.855,22.355816666666666,False,False
632,460020095044852955,123.54524636,42.44574379,222.0,2018-10-03 20:56:28.682,2018-10-03 22:15:27.246,78.97606666666667,True,False
635,460020095047591881,123.42005159999998,41.84743118,311.0,2018-10-03 00:10:05.954,2018-10-03 00:33:23.704,23.295833333333334,True,False
636,460020095047591881,123.42005159999998,41.84743118,311.0,2018-10-03 04:42:26.872,2018-10-03 06:07:01.696,84.5804,True,False
637,460020095047591881,123.41916275,41.84535027,314.0,2018-10-03 07:00:26.041,2018-10-03 07:27:13.466,26.790416666666665,False,False
638,460020095047591881,123.41908627,41.84618879,314.0,2018-10-03 08:01:27.687,2018-10-03 10:27:47.889,146.33669999999998,False,False
639,460020095047591881,123.41959765,41.84726715,311.0,2018-10-03 11:04:15.675,2018-10-03 15:44:32.045,280.2728333333333,False,False
640,460020095047591881,123.41780857,41.85050329,315.0,2018-10-03 18:13:56.377,2018-10-03 18:36:35.413,22.6506,False,False
641,460020095047591881,123.40872959999999,41.80886078,43.0,2018-10-03 19:14:27.975,2018-10-03 20:10:36.972,56.14995,False,False
642,460020095047591881,123.41691592,41.8328598,558.0,2018-10-03 20:58:38.252,2018-10-03 21:51:15.180,52.61546666666666,True,False
643,460020095050670159,123.43504540000002,41.81924335,304.0,2018-10-03 09:44:04.369,2018-10-03 10:53:11.475,69.11843333333333,False,True
644,460020095050670159,123.45451166,41.80176735,640.0,2018-10-03 14:05:27.206,2018-10-03 14:51:06.413,45.65345,False,True
645,460020095050670159,123.4301834,41.82373047,69.0,2018-10-03 17:23:57.946,2018-10-03 17:42:23.878,18.4322,False,False
646,460020095050670159,123.40961806,41.8085934,43.0,2018-10-03 17:53:16.796,2018-10-03 19:13:26.206,80.15683333333332,False,False
647,460020095050670159,123.41935446,41.81568003,661.0,2018-10-03 19:50:13.281,2018-10-03 20:36:39.492,46.43685,False,False
648,460020095051970226,123.4123205,41.80556742,10.0,2018-10-03 20:48:16.911,2018-10-03 21:10:02.996,21.768083333333333,True,False
649,460020095051970226,123.41576770000002,41.79905605,1374.0,2018-10-03 21:42:58.278,2018-10-03 22:32:32.794,49.57526666666667,True,False
650,460020095053216865,123.39978537,41.79267629,14.0,2018-10-03 16:09:23.100,2018-10-03 16:38:22.701,28.993350000000003,False,True
651,460020095053216865,123.40759691,41.80510028,270.0,2018-10-03 18:32:23.085,2018-10-03 20:58:52.522,146.49061666666665,False,False
654,460020095068332375,123.41105143,41.80569077,131.0,2018-10-03 20:37:05.627,2018-10-03 21:50:57.534,73.86511666666667,True,False
655,460020095068332375,123.39983584,41.80693545,437.0,2018-10-03 22:22:40.763,2018-10-03 23:19:29.375,56.8102,True,False
656,460020095081880808,122.84151595,41.99504263,1104.0,2018-10-03 00:16:26.315,2018-10-03 01:35:49.396,79.38468333333334,True,False
658,460020095081880808,122.83355713,41.99505933,1116.0,2018-10-03 15:33:33.844,2018-10-03 16:26:27.027,52.886383333333335,False,True
661,460020095081880808,123.38997649999999,41.79537901,668.0,2018-10-03 18:20:59.018,2018-10-03 19:01:44.085,40.75111666666667,False,False
662,460020095081880808,123.39288329999998,41.78121185,1114.0,2018-10-03 20:19:25.378,2018-10-03 20:41:08.161,21.71305,True,False
663,460020095081880808,123.39809132,41.78744125,1103.0,2018-10-03 21:15:45.044,2018-10-03 22:24:26.643,68.69331666666668,True,False
665,460020095081880808,123.40981550000001,41.80853399,43.0,2018-10-03 23:17:10.449,2018-10-03 23:56:31.171,39.34536666666667,True,False
666,460020095088859075,123.38901214,41.84692459,382.0,2018-10-03 09:15:08.881,2018-10-03 09:50:51.741,35.714333333333336,False,True
667,460020095088859075,123.5491581,41.81775284,340.0,2018-10-03 10:19:43.488,2018-10-03 10:36:21.602,16.635233333333336,False,True
668,460020095088859075,123.61618652,41.91744919,383.0,2018-10-03 12:07:59.271,2018-10-03 13:01:27.159,53.4648,False,False
669,460020095088859075,123.40755549,41.81088003,1236.0,2018-10-03 19:13:05.088,2018-10-03 20:26:17.620,73.20886666666667,False,False
670,460020095088859075,123.39626499999999,41.85017586,1041.0,2018-10-03 21:18:32.345,2018-10-03 21:48:07.090,29.579083333333333,True,False
671,460020095088859075,123.39034270000002,41.84566116,382.0,2018-10-03 22:19:26.925,2018-10-03 23:13:57.140,54.50358333333334,True,False
672,460020095098336977,123.41980871,41.8236208,495.0,2018-10-03 08:30:40.427,2018-10-03 09:03:28.979,32.8092,False,False
675,460020095098336977,123.38315455,41.96741422,851.0,2018-10-03 09:33:58.257,2018-10-03 10:03:41.463,29.7201,False,True
679,460020095098336977,123.52802166,41.81866346,494.0,2018-10-03 12:13:14.940,2018-10-03 12:31:26.664,18.1954,False,False
680,460020095098336977,123.44032251,41.85155220000001,1426.0,2018-10-03 13:07:13.263,2018-10-03 14:49:08.650,101.92311666666666,False,False
681,460020095098336977,123.48129653,41.80442429,1460.0,2018-10-03 17:58:03.079,2018-10-03 18:47:51.934,49.81425,False,False
682,460020095098336977,123.47863770000001,41.80295944,847.0,2018-10-03 19:26:32.807,2018-10-03 20:04:30.910,37.968383333333335,False,False
683,460020095098336977,123.47863770000001,41.80295944,847.0,2018-10-03 20:37:02.923,2018-10-03 21:07:52.772,30.830816666666667,True,False
684,460020095098336977,123.44225866,41.79921792,7.0,2018-10-03 21:50:12.830,2018-10-03 23:12:42.329,82.49164999999999,True,False
685,460020095098364762,123.4342117,41.94113159,345.0,2018-10-03 09:53:28.966,2018-10-03 10:22:04.613,28.594116666666665,False,True
686,460020095098364762,123.38503073,41.85193348,1036.0,2018-10-03 11:16:15.934,2018-10-03 12:37:28.781,81.21411666666667,False,False
687,460020095098364762,123.3867416,41.85422134,1177.0,2018-10-03 14:26:24.915,2018-10-03 15:09:29.870,43.08258333333333,False,True
688,460020095098364762,123.38654327,41.85654068,1177.0,2018-10-03 16:01:18.695,2018-10-03 16:19:04.737,17.767366666666664,False,True
689,460020095098364762,123.38635889,41.81928031,1046.0,2018-10-03 16:33:21.943,2018-10-03 17:13:58.182,40.60398333333333,False,False
690,460020095098364762,123.40427554,41.80640259,437.0,2018-10-03 17:45:35.909,2018-10-03 18:47:33.752,61.96405,False,False
691,460020095098364762,123.38291168,41.81224887,1174.0,2018-10-03 22:45:45.500,2018-10-03 23:34:37.795,48.871583333333334,True,False
692,460020095098800085,123.48296038,41.81395403,1468.0,2018-10-03 08:17:12.842,2018-10-03 08:42:40.157,25.45525,False,False
693,460020095098800085,123.43158266,41.82124481,472.0,2018-10-03 08:53:15.903,2018-10-03 09:21:13.137,27.953899999999997,False,False
697,460020095098800085,123.45922899,41.81032276,637.0,2018-10-03 11:57:24.894,2018-10-03 13:10:03.138,72.6374,False,False
700,460020095098800085,123.39485473,41.81543732,783.0,2018-10-03 18:41:13.717,2018-10-03 19:13:15.486,32.02948333333333,False,False
701,460020095098800085,123.37082418,41.78157775,703.0,2018-10-03 19:56:10.478,2018-10-03 20:53:53.182,57.711733333333335,False,False
703,460020095098800085,123.44180592,41.81027955,627.0,2018-10-03 22:40:12.499,2018-10-03 23:13:13.334,33.01391666666667,True,False
705,460070095005469544,122.757019,41.51089859,412.0,2018-10-03 00:15:29.451,2018-10-03 00:54:26.974,38.95871666666667,True,False
706,460070095005469544,122.757019,41.51089859,412.0,2018-10-03 08:44:19.643,2018-10-03 09:30:54.539,46.5816,False,False
707,460070095005469544,122.757019,41.51089859,412.0,2018-10-03 11:33:53.149,2018-10-03 12:14:12.107,40.31596666666667,False,False
708,460070095005469544,122.732173,41.51846409,428.0,2018-10-03 19:29:43.279,2018-10-03 21:12:43.841,103.00936666666666,False,False
713,460070095005469544,123.40767014,41.80360249,348.0,2018-10-03 23:25:15.396,2018-10-03 23:53:28.844,28.224133333333334,True,False
714,460070095006117569,123.28383640000001,41.76004028,1169.0,2018-10-03 00:04:12.393,2018-10-03 01:02:25.980,58.22645,True,False
715,460070095006117569,123.28383640000001,41.76004028,1169.0,2018-10-03 02:00:22.415,2018-10-03 02:19:56.725,19.571833333333334,True,False
716,460070095006117569,123.2796822,41.75909042,1254.0,2018-10-03 04:36:16.660,2018-10-03 05:22:00.900,45.73733333333333,True,False
718,460070095006117569,123.27552800000001,41.75814056,1253.0,2018-10-03 10:29:32.753,2018-10-03 10:59:34.423,30.027833333333334,False,True
720,460070095006117569,123.35574993,41.78634589,214.0,2018-10-03 17:28:43.594,2018-10-03 17:49:14.557,20.51605,False,False
721,460070095006117569,123.40888688,41.80827875,43.0,2018-10-03 18:20:48.500,2018-10-03 21:08:54.142,168.09403333333333,False,False
722,460070095006117569,123.43617533,41.80581999,8.0,2018-10-03 22:09:02.549,2018-10-03 23:15:39.424,66.61458333333333,True,False
723,460070095021168998,123.4093679,41.8062172,64.0,2018-10-03 05:52:25.638,2018-10-03 06:18:00.091,25.574216666666665,True,False
724,460070095021168998,123.4072215,41.80543391,270.0,2018-10-03 06:56:13.719,2018-10-03 07:47:42.009,51.4715,False,False
725,460070095021168998,123.40760997,41.80753041,270.0,2018-10-03 11:55:16.211,2018-10-03 12:56:21.514,61.08838333333333,False,False
726,460070095021168998,123.40286509999999,41.795386,872.0,2018-10-03 17:21:48.546,2018-10-03 17:59:42.832,37.90476666666667,False,False
727,460070095021168998,123.39907074,41.79058734,459.0,2018-10-03 18:37:27.875,2018-10-03 19:54:18.569,76.84490000000001,False,False
728,460070095021168998,123.39963148,41.79159069,467.0,2018-10-03 20:57:15.537,2018-10-03 21:20:35.633,23.334933333333332,True,False
729,460070095021168998,123.4013168,41.79298248,14.0,2018-10-03 22:01:58.881,2018-10-03 22:30:36.398,28.625283333333336,True,False
730,460070095021168998,123.40870670000001,41.80638123,64.0,2018-10-03 23:30:39.468,2018-10-03 23:52:11.222,21.52923333333333,True,False
732,460070095024575626,123.33288131,41.82085158,292.0,2018-10-03 13:18:38.293,2018-10-03 15:37:43.034,139.07901666666666,False,False
733,460070095024575626,123.39810026,41.80203552,294.0,2018-10-03 17:16:04.972,2018-10-03 17:57:33.367,41.47325,False,False
734,460070095024575626,123.40658031,41.80781666,270.0,2018-10-03 20:11:43.808,2018-10-03 23:53:29.765,221.76595,True,False
735,460070095024644511,123.42996219999999,41.7955513,440.0,2018-10-03 02:36:34.138,2018-10-03 03:43:21.977,66.79731666666666,True,False
736,460070095024644511,123.42996219999999,41.7955513,440.0,2018-10-03 04:26:46.130,2018-10-03 06:44:24.026,137.63160000000002,True,False
737,460070095024644511,123.42963566,41.79533920000001,440.0,2018-10-03 10:38:46.725,2018-10-03 11:22:20.879,43.56923333333334,False,True
738,460070095024644511,123.41731074,41.78921079999999,665.0,2018-10-03 14:45:34.624,2018-10-03 15:38:15.075,52.67418333333333,False,True
739,460070095024644511,123.37414224,41.79689244,445.0,2018-10-03 17:53:53.096,2018-10-03 18:13:49.538,19.9407,False,False
740,460070095024644511,123.42996219999999,41.7955513,440.0,2018-10-03 19:11:58.971,2018-10-03 19:32:41.943,20.7162,False,False
741,460070095024644511,123.42950748,41.79792862,454.0,2018-10-03 20:13:27.952,2018-10-03 20:58:39.476,45.19206666666666,True,False
742,460070095024644511,123.46613976,41.80273019,449.0,2018-10-03 21:18:44.730,2018-10-03 23:56:26.306,157.69293333333331,True,False
743,460070095024650259,123.41100012,41.80817748,56.0,2018-10-03 00:10:08.776,2018-10-03 02:18:09.987,128.02018333333334,True,False
744,460070095024650259,123.41080268,41.8082369,56.0,2018-10-03 02:48:54.619,2018-10-03 03:32:30.482,43.59771666666666,True,False
745,460070095024650259,123.35733286,41.83404064,1258.0,2018-10-03 03:56:28.435,2018-10-03 13:30:01.884,573.5574833333334,False,False
746,460070095024650259,123.3550003,41.83406372,1260.0,2018-10-03 14:20:24.062,2018-10-03 14:49:16.746,28.878066666666665,False,True
747,460070095024650259,123.40620641,41.81141227,761.0,2018-10-03 21:21:18.804,2018-10-03 23:56:09.800,154.84993333333333,True,False
748,460070095025648611,123.38397246,41.80960144,1022.0,2018-10-03 00:36:21.725,2018-10-03 01:45:54.956,69.55385,True,False
749,460070095025648611,123.36085944,41.79798617,896.0,2018-10-03 16:23:34.248,2018-10-03 17:30:34.794,67.0091,False,False
750,460070095025648611,123.35033034,41.79168091,173.0,2018-10-03 18:59:53.103,2018-10-03 19:26:42.083,26.816333333333333,False,False
754,460070095025648611,123.40561731,41.81466593,1318.0,2018-10-03 22:31:06.757,2018-10-03 23:02:25.045,31.3048,True,False
755,460070095025648611,123.34890811,41.80770111,556.0,2018-10-03 23:07:00.231,2018-10-03 23:55:54.580,48.90581666666667,True,False
756,460070095025649502,123.36494109999998,41.79341253,1287.0,2018-10-03 00:02:02.546,2018-10-03 01:15:52.832,73.8381,True,False
757,460070095025649502,123.3644791,41.7935791,1287.0,2018-10-03 02:15:25.078,2018-10-03 02:33:57.511,18.54055,True,False
758,460070095025649502,123.3644791,41.7935791,1287.0,2018-10-03 04:11:10.431,2018-10-03 05:31:32.183,80.36253333333335,True,False
759,460070095025649502,123.3644791,41.7935791,1287.0,2018-10-03 06:56:54.766,2018-10-03 08:14:44.198,77.82386666666666,False,False
760,460070095025649502,123.36489057,41.79325714,1287.0,2018-10-03 08:47:48.172,2018-10-03 10:49:12.733,121.40934999999999,False,False
762,460070095025649502,123.46805531,41.80293354,643.0,2018-10-03 15:37:19.238,2018-10-03 18:19:35.957,162.27865,False,False
763,460070095025649502,123.45149232,41.80655734,458.0,2018-10-03 19:01:22.082,2018-10-03 19:40:41.705,39.32705,False,False
764,460070095025649502,123.38320596,41.79761505,1373.0,2018-10-03 19:44:18.585,2018-10-03 20:00:32.868,16.23805,False,False
765,460070095025649502,123.37203472,41.79550553,452.0,2018-10-03 22:05:54.081,2018-10-03 22:35:44.196,29.83525,True,False
766,460070095025649502,123.36437417,41.792774200000004,1287.0,2018-10-03 23:11:12.791,2018-10-03 23:37:06.310,25.891983333333332,True,False
767,460070095040136238,123.41641352,41.77639947,1307.0,2018-10-03 00:07:30.303,2018-10-03 01:11:02.439,63.5356,True,False
768,460070095040136238,123.42151489999999,41.87730789,932.0,2018-10-03 01:40:19.589,2018-10-03 01:57:27.985,17.13993333333333,True,False
769,460070095040136238,123.43177708,41.88760079,1214.0,2018-10-03 09:40:54.345,2018-10-03 10:04:29.810,23.591083333333334,False,True
770,460070095040136238,123.40356697,41.92115784,947.0,2018-10-03 11:27:47.326,2018-10-03 11:42:57.356,15.167166666666667,False,True
771,460070095040136238,123.40291593,41.92062569,1230.0,2018-10-03 12:19:31.357,2018-10-03 12:52:46.326,33.24948333333334,False,False
777,460070095040136238,123.42346519,41.78246144,188.0,2018-10-03 23:12:46.283,2018-10-03 23:32:52.663,20.106333333333335,True,False
778,460070095040239953,123.41365663,41.82621078,1238.0,2018-10-03 12:02:30.757,2018-10-03 13:02:56.227,60.424499999999995,False,False
780,460070095040239953,123.40917421,41.80785497,43.0,2018-10-03 18:13:14.371,2018-10-03 22:11:20.176,238.09675000000001,False,False
783,460070095048036852,123.45669935,41.80111122,914.0,2018-10-03 09:04:15.357,2018-10-03 09:50:43.292,46.465583333333335,False,True
784,460070095048036852,123.45937924,41.79313946,971.0,2018-10-03 10:23:00.520,2018-10-03 12:07:16.685,104.26941666666667,False,False
785,460070095048036852,123.4589996,41.80213165,155.0,2018-10-03 13:38:51.121,2018-10-03 14:59:07.479,80.27263333333333,False,False
786,460070095048036852,123.40899184,41.806983,64.0,2018-10-03 17:39:44.075,2018-10-03 18:39:31.535,59.791000000000004,False,False
787,460070095048036852,123.40529979,41.79837487,25.0,2018-10-03 20:02:17.721,2018-10-03 21:51:19.742,109.03368333333333,True,False
789,460070095098504016,123.3762817,41.8028717,53.0,2018-10-03 20:28:45.202,2018-10-03 21:10:47.898,42.04493333333333,True,False
790,460070095098504016,123.37416840000002,41.80398233,53.0,2018-10-03 21:54:41.876,2018-10-03 22:26:23.435,31.69265,True,False
791,460070095098504016,123.37808226,41.80516663,607.0,2018-10-03 23:07:33.947,2018-10-03 23:50:26.308,42.872683333333335,True,False
792,460070095098545714,123.39684299999999,41.87870026,1140.0,2018-10-03 07:39:05.120,2018-10-03 09:08:01.246,88.93543333333334,False,False
793,460070095098545714,123.39684299999999,41.87870026,1140.0,2018-10-03 09:50:35.955,2018-10-03 11:20:49.052,90.21828333333333,False,True
795,460070095098545714,123.46253970000001,41.80088043,1246.0,2018-10-03 13:37:14.835,2018-10-03 14:12:29.336,35.241683333333334,False,False
796,460070095098545714,123.46253970000001,41.80088043,1246.0,2018-10-03 14:43:26.399,2018-10-03 15:49:41.034,66.24391666666666,False,True
797,460070095098545714,123.46122932,41.80272483,911.0,2018-10-03 18:08:38.537,2018-10-03 18:29:00.252,20.361916666666666,False,False
798,460070095098545714,123.46073909999998,41.80451965,646.0,2018-10-03 20:22:59.945,2018-10-03 21:26:38.790,63.647416666666665,True,False
799,460070095098545714,123.46013852,41.80941433,638.0,2018-10-03 22:20:49.810,2018-10-03 23:42:20.806,81.5166,True,False
