imsi,longitude,latitude,plot,start,end
460000095005561145,122.8928604,41.51655388,160,2018-10-03 17:31:37.549000,2018-10-03 18:17:53.017000
460000095005561145,122.89500728,41.51777573,163,2018-10-03 19:12:00.612000,2018-10-03 21:24:10.048000
460000095005561145,123.41105653,41.80816051,164,2018-10-03 22:48:45.445000,2018-10-03 23:55:45.592000
460000095005565778,123.4115295,41.76802826,2065,2018-10-03 11:01:19.885000,2018-10-03 11:50:02.445000
460000095005565778,123.41263958,41.76818657,815,2018-10-03 15:03:33.088000,2018-10-03 15:13:57.253000
460000095005565778,123.4115295,41.76802826,2065,2018-10-03 16:00:37.325000,2018-10-03 16:26:29.316000
460000095005565778,123.41342547,41.80504227,16,2018-10-03 21:32:36.091000,2018-10-03 21:54:20.376000
460000095005565778,123.4091475,41.80627187,368,2018-10-03 22:28:29.867000,2018-10-03 23:20:45.696000
460000095005571676,123.41529308,41.81099891,1028,2018-10-03 00:02:12.709000,2018-10-03 04:17:23.546000
460000095005571676,123.41617015,41.82658195,1019,2018-10-03 02:46:25.496000,2018-10-03 02:47:47.320000
460000095005571676,123.41712866,41.81544028,1028,2018-10-03 10:26:13.368000,2018-10-03 12:06:31.878000
460000095005571676,123.4174118,41.81417007,1028,2018-10-03 13:56:48.932000,2018-10-03 15:46:47.531000
460000095005571676,123.41670314,41.82478487,1021,2018-10-03 16:07:21.201000,2018-10-03 18:20:31.674000
460000095005571676,123.4166718,41.8102417,1031,2018-10-03 18:27:14.586000,2018-10-03 19:15:54.415000
460000095005571676,123.4166718,41.8102417,1033,2018-10-03 20:00:40.415000,2018-10-03 21:07:11.681000
460000095005571676,123.41422884,41.80623296,1026,2018-10-03 21:41:45.291000,2018-10-03 23:49:02.306000
460000095007329090,123.4149551,41.8084507,11,2018-10-03 00:41:22.636000,2018-10-03 00:49:42.010000
460000095007329090,123.43863745,41.80439776,1,2018-10-03 07:51:12.084000,2018-10-03 09:54:53.114000
460000095007329090,123.43137074,41.81188154,4,2018-10-03 19:38:08.867000,2018-10-03 20:37:55.235000
460000095007329090,123.4140701,41.81151581,6,2018-10-03 20:43:31.983000,2018-10-03 21:06:12.888000
460000095007329090,123.4139404,41.80912018,0,2018-10-03 21:57:46,2018-10-03 22:19:55.802000
460000095007329090,123.41565853,41.80747299,10,2018-10-03 22:55:53.370000,2018-10-03 23:51:32.720000
460000095007687263,123.3987732,41.65663147,181,2018-10-03 04:44:13.759000,2018-10-03 06:12:13.791000
460000095007687263,123.2972031,41.79404068,185,2018-10-03 17:48:30.761000,2018-10-03 18:06:31.508000
460000095007687263,123.29998505,41.79405316,173,2018-10-03 18:31:02.083000,2018-10-03 20:07:38.237000
460000095007687263,123.40919499,41.80872073,58,2018-10-03 20:36:54.081000,2018-10-03 21:35:50.756000
460000095007687263,123.40889299,41.80861314,64,2018-10-03 22:12:05.651000,2018-10-03 23:22:10.279000
460000095009768355,123.41609382,41.80860233,8,2018-10-03 10:55:51.406000,2018-10-03 11:04:19.019000
460000095009768355,123.41455928,41.7895902,1050,2018-10-03 11:08:35.356000,2018-10-03 11:40:14.658000
460000095009768355,123.41193158,41.80633412,236,2018-10-03 11:50:47.382000,2018-10-03 13:58:06.489000
460000095009768355,123.31224698,41.76825205,1055,2018-10-03 15:12:31.462000,2018-10-03 15:35:17.126000
460000095009768355,123.34280588,41.77523422,1056,2018-10-03 16:02:28.413000,2018-10-03 16:28:16.179000
460000095009768355,123.35917277,41.7800684,1058,2018-10-03 16:55:00.809000,2018-10-03 17:24:55.107000
460000095009768355,123.41291198,41.80877152,9,2018-10-03 18:04:15.483000,2018-10-03 18:11:59.458000
460000095009824436,123.38905814,41.82003498,1742,2018-10-03 09:04:45.325000,2018-10-03 09:48:28.115000
460000095009824436,123.41206737,41.81235028,249,2018-10-03 09:51:30.601000,2018-10-03 10:10:05.177000
460000095009824436,123.41574857,41.80937576,11,2018-10-03 11:24:28.922000,2018-10-03 11:26:07.960000
460000095009824436,123.4159698,41.80778122,249,2018-10-03 13:40:42.206000,2018-10-03 15:31:20.905000
460000095009824436,123.4159698,41.80778122,1741,2018-10-03 18:02:50.802000,2018-10-03 18:32:56.927000
460000095009824436,123.4159698,41.80778122,12,2018-10-03 19:38:53.378000,2018-10-03 20:57:42.098000
460000095018240151,123.4136581,41.81689835,1042,2018-10-03 00:09:01.741000,2018-10-03 02:05:31.199000
460000095018240151,123.41633377,41.809889,23,2018-10-03 03:08:03.474000,2018-10-03 10:40:14.791000
460000095018240151,123.3567861,41.80164337,1757,2018-10-03 10:53:45.697000,2018-10-03 10:56:16.647000
460000095018240151,123.33997641,41.78385565,1759,2018-10-03 10:57:11.010000,2018-10-03 11:59:29.232000
460000095018240151,123.36279734,41.7754185,1751,2018-10-03 12:12:44.499000,2018-10-03 14:44:24.428000
460000095018240151,123.37822416,41.80477447,76,2018-10-03 14:52:57.732000,2018-10-03 14:58:13.157000
460000095018240151,123.41916083,41.81161117,1038,2018-10-03 15:08:38.767000,2018-10-03 15:17:35.625000
460000095018240151,123.41797067,41.81181526,1040,2018-10-03 16:10:47.105000,2018-10-03 16:19:58.460000
460000095018240151,123.4136581,41.81689835,1042,2018-10-03 17:57:31.989000,2018-10-03 18:52:33.261000
460000095018240151,123.41395947,41.81623269,1042,2018-10-03 22:31:14.215000,2018-10-03 23:54:46.395000
460000095040541608,123.38919184,41.81790008,1786,2018-10-03 04:46:06.635000,2018-10-03 05:43:00.217000
460000095040541608,123.3962835,41.79572678,1789,2018-10-03 05:55:53.352000,2018-10-03 06:39:57.765000
460000095040591270,123.39916225,41.81407547,2350,2018-10-03 00:01:04.006000,2018-10-03 00:12:58.875000
460000095040591270,123.40467453,41.81362088,2355,2018-10-03 10:25:31.174000,2018-10-03 10:50:44.263000
460000095040591270,123.3128815,41.84870911,2352,2018-10-03 11:28:29.575000,2018-10-03 11:45:18.523000
460000095040591270,123.3128815,41.84870911,1731,2018-10-03 12:31:17.967000,2018-10-03 12:55:43.793000
460000095040591270,123.3128815,41.84870911,1731,2018-10-03 13:05:14.452000,2018-10-03 15:27:04.751000
460000095040591270,123.41050572,41.81073608,64,2018-10-03 17:27:55.529000,2018-10-03 17:38:12.220000
460000095040591270,123.4021606,41.8132515,2349,2018-10-03 22:53:49.855000,2018-10-03 23:55:29.208000
460000095057074060,123.4378876,41.81556091,142,2018-10-03 06:59:11.923000,2018-10-03 07:21:53.645000
460000095057074060,123.43634492,41.81460648,142,2018-10-03 07:53:14.905000,2018-10-03 08:10:53.452000
460000095060523239,123.3863678,41.82886723,1002,2018-10-03 00:01:00.368000,2018-10-03 00:31:44.955000
460000095060523239,123.40853117,41.81955229,762,2018-10-03 00:06:39.619000,2018-10-03 00:17:17.025000
460000095060523239,123.36777258,41.85742378,1093,2018-10-03 00:35:13.700000,2018-10-03 00:50:32.263000
460000095060523239,123.32258416,41.81504726,1097,2018-10-03 00:53:36.455000,2018-10-03 01:36:03.776000
460000095060523239,123.30850223,41.80086101,1096,2018-10-03 00:55:33.166000,2018-10-03 01:39:26.431000
460000095060523239,123.30166835,41.79057104,1100,2018-10-03 01:42:13.591000,2018-10-03 01:57:52.909000
460000095060523239,123.3007235,41.79072026,1102,2018-10-03 14:25:44.340000,2018-10-03 15:07:18.278000
460000095060523239,123.36846162,41.78376007,1108,2018-10-03 15:57:35.210000,2018-10-03 16:01:26.335000
460000095060523239,123.38757323,41.80581283,680,2018-10-03 16:15:39.003000,2018-10-03 16:43:41.237000
460000095060523239,123.37314277,41.8005055,76,2018-10-03 16:45:13.238000,2018-10-03 17:23:50.063000
460000095060523239,123.35792388,41.77997017,256,2018-10-03 20:16:10.601000,2018-10-03 20:43:24.629000
460000095060523239,123.36906622,41.79563904,1155,2018-10-03 20:54:04.751000,2018-10-03 21:17:01.851000
460000095060523239,123.32882994,41.81404801,1122,2018-10-03 21:31:33.145000,2018-10-03 21:47:04.972000
460000095060523239,123.39678144,41.81194925,1133,2018-10-03 23:01:56.187000,2018-10-03 23:15:32.575000
460000095060523239,123.35742954,41.85144653,1127,2018-10-03 23:27:05.339000,2018-10-03 23:31:04.971000
460000095062189004,123.41287401,41.80635537,11,2018-10-03 00:24:35.589000,2018-10-03 00:54:48.857000
460000095062225863,123.49826812,41.63830414,2362,2018-10-03 18:54:06.113000,2018-10-03 19:22:33.126000
460000095062225863,123.3987007,41.78244591,2359,2018-10-03 19:47:49.513000,2018-10-03 19:50:08.524000
460000095062225863,123.40872706,41.80858527,58,2018-10-03 22:04:30.052000,2018-10-03 22:36:49.767000
460000095062225863,123.40165489,41.78187343,2358,2018-10-03 23:04:41.759000,2018-10-03 23:22:22.824000
460000095063856923,123.4176331,41.89228821,1518,2018-10-03 00:12:18.755000,2018-10-03 00:14:54.574000
460000095063856923,123.4176331,41.89228821,1518,2018-10-03 00:48:14.468000,2018-10-03 03:24:40.634000
460000095063856923,123.42206003,41.82771779,2452,2018-10-03 03:47:21.225000,2018-10-03 03:57:34.330000
460000095063856923,123.4225235,41.82743073,2451,2018-10-03 07:45:23.520000,2018-10-03 08:35:32.702000
460000095063856923,123.4225235,41.82743073,2451,2018-10-03 09:48:09.916000,2018-10-03 10:33:31.262000
460000095063856923,123.4225235,41.82743073,2451,2018-10-03 11:15:39.204000,2018-10-03 12:06:16.646000
460000095063856923,123.42315064,41.82749634,2452,2018-10-03 20:19:19.991000,2018-10-03 20:38:07.562000
460000095063856923,123.42276003,41.82704817,2451,2018-10-03 22:56:40.561000,2018-10-03 23:15:17.579000
460000095063856923,123.41117288,41.80812549,230,2018-10-03 23:19:01.181000,2018-10-03 23:48:46.441000
460000095063979850,123.17390522,41.75113685,2374,2018-10-03 10:37:32.996000,2018-10-03 13:21:20.619000
460000095063979850,123.013298,41.95848083,2380,2018-10-03 14:09:09.114000,2018-10-03 14:41:10.022000
460000095063979850,123.48572858,41.80051748,2370,2018-10-03 17:05:01.395000,2018-10-03 23:56:10.083000
460000095064919090,123.4263611,41.78728104,320,2018-10-03 19:42:55.395000,2018-10-03 20:20:56.246000
460000095064919090,123.40182875,41.7939682,319,2018-10-03 20:34:43.397000,2018-10-03 21:16:26.991000
460000095064919090,123.4003677,41.79526138,319,2018-10-03 21:42:18.619000,2018-10-03 22:19:24.360000
460000095064990351,123.39923151,41.86407443,2420,2018-10-03 07:56:08.432000,2018-10-03 08:36:50.703000
460000095064990351,123.40703234,41.81685708,2422,2018-10-03 09:10:41.499000,2018-10-03 12:04:35.785000
460000095064990351,123.40776708,41.81579857,2422,2018-10-03 14:52:12.735000,2018-10-03 16:52:29.593000
460000095071779102,123.4142914,41.83049011,1778,2018-10-03 00:15:21.424000,2018-10-03 00:43:54.686000
460000095071779102,123.4142914,41.83049011,1778,2018-10-03 07:01:45.850000,2018-10-03 08:01:32.510000
460000095071779102,123.4142914,41.83049011,1778,2018-10-03 09:44:49.046000,2018-10-03 10:32:38.751000
460000095071779102,123.4142914,41.83049011,1778,2018-10-03 11:26:38.395000,2018-10-03 12:54:26.416000
460000095071779102,123.41266823,41.82351843,130,2018-10-03 13:24:36.098000,2018-10-03 13:49:17.638000
460000095071779102,123.40871979,41.80779812,64,2018-10-03 18:47:09.312000,2018-10-03 19:32:53.547000
460000095071779102,123.4133682,41.81906128,1400,2018-10-03 20:41:11.471000,2018-10-03 21:25:27.822000
460000095071779102,123.4142914,41.83049011,1778,2018-10-03 22:03:09.801000,2018-10-03 22:42:41.600000
460000095073912558,123.4068375,41.81980896,1134,2018-10-03 03:08:51.530000,2018-10-03 05:25:44.071000
460000095073912558,123.40628161,41.82062476,785,2018-10-03 13:21:25.288000,2018-10-03 14:05:28.205000
460000095073912558,123.4024778,41.82126944,1860,2018-10-03 14:39:27.903000,2018-10-03 15:17:19.938000
460000095073912558,123.41892624,41.79071077,1362,2018-10-03 18:44:30.506000,2018-10-03 20:12:51.726000
460000095073912558,123.40625,41.82122879,1857,2018-10-03 20:39:30.186000,2018-10-03 20:46:11.474000
460000095074423059,123.45035555,41.78038788,25,2018-10-03 09:34:30.719000,2018-10-03 09:38:15.045000
460000095074423059,123.34056855,41.53594017,29,2018-10-03 10:30:45.066000,2018-10-03 11:09:01.521000
460000095074423059,123.3370209,41.51704025,31,2018-10-03 13:30:41.062000,2018-10-03 14:35:32.751000
460000095074423059,123.44739056,41.7792449,43,2018-10-03 18:05:19.962000,2018-10-03 18:20:13.833000
460000095074424637,123.40940206,41.79225176,63,2018-10-03 07:15:25.865000,2018-10-03 17:40:40.665000
460000095074424637,123.38254464,41.79530759,57,2018-10-03 18:03:00.043000,2018-10-03 19:13:00.125000
460000095074465569,123.41057728,41.80818696,58,2018-10-03 00:05:42.343000,2018-10-03 01:10:00.584000
460000095074465569,123.4511566,41.79209328,123,2018-10-03 01:18:04.329000,2018-10-03 01:26:19.477000
460000095074465569,123.45361582,41.78674952,2287,2018-10-03 05:55:01.369000,2018-10-03 06:38:47.546000
460000095074465569,123.45205478,41.78653093,2287,2018-10-03 08:18:49.328000,2018-10-03 09:34:10.645000
460000095074465569,123.452507,41.78591919,2287,2018-10-03 10:04:49.358000,2018-10-03 13:56:01.484000
460000095074465569,123.45336289,41.78626078,2287,2018-10-03 15:17:31.285000,2018-10-03 16:37:07.769000
460000095074467156,123.5079422,41.84804916,1633,2018-10-03 08:11:04.468000,2018-10-03 08:15:55.835000
460000095074467156,123.57890223,41.90234804,1620,2018-10-03 08:33:52.168000,2018-10-03 09:08:52.776000
460000095074467156,123.5816879,41.90238953,1620,2018-10-03 10:26:10.270000,2018-10-03 11:34:15.144000
460000095074467156,123.5816879,41.90238953,1620,2018-10-03 12:16:10.796000,2018-10-03 13:31:10.024000
460000095074467156,123.5816879,41.90238953,1620,2018-10-03 14:03:00.058000,2018-10-03 14:38:44.692000
460000095074467156,123.41313786,41.80398712,613,2018-10-03 20:39:06.441000,2018-10-03 21:06:03.466000
460000095074467156,123.44501495,41.75698852,1629,2018-10-03 21:19:24.747000,2018-10-03 21:48:14.310000
460000095074467156,123.4785137,41.74566364,1624,2018-10-03 21:27:55.775000,2018-10-03 21:32:42.564000
460000095074476402,123.41033274,41.80898913,87,2018-10-03 00:01:57.745000,2018-10-03 02:42:26.730000
460000095074476402,123.41309255,41.81491369,92,2018-10-03 12:28:07.019000,2018-10-03 14:14:06.417000
460000095074476402,123.41169822,41.81262915,92,2018-10-03 15:38:28.802000,2018-10-03 18:39:02.444000
460000095074476402,123.41295623,41.80968303,7,2018-10-03 21:34:00.881000,2018-10-03 23:55:42.330000
460000095079109575,123.4208603,41.81906128,483,2018-10-03 00:06:32.487000,2018-10-03 01:02:45.875000
460000095079109575,123.4208603,41.81906128,483,2018-10-03 03:47:35.605000,2018-10-03 04:36:01.140000
460000095079109575,123.4208603,41.81906128,483,2018-10-03 05:10:10.640000,2018-10-03 06:35:54.967000
460000095079109575,123.4208603,41.81906128,483,2018-10-03 07:06:21.546000,2018-10-03 08:05:18.562000
460000095079109575,123.3504333,41.70307922,1074,2018-10-03 10:31:25.010000,2018-10-03 12:01:12.606000
460000095080923032,123.41408349,41.79638413,2310,2018-10-03 00:06:46.647000,2018-10-03 00:50:26.268000
460000095080923032,123.40316926,41.76841926,2309,2018-10-03 00:52:55.990000,2018-10-03 01:21:06.062000
460000095080923032,123.40442999,41.76548809,2309,2018-10-03 01:57:10.694000,2018-10-03 03:32:34.235000
460000095080923032,123.4045029,41.76560974,2308,2018-10-03 04:31:18.043000,2018-10-03 06:10:35.921000
460000095080923032,123.4045029,41.76560974,2312,2018-10-03 09:20:40.906000,2018-10-03 11:13:40.137000
460000095080923032,123.4023323,41.76748657,2308,2018-10-03 11:44:30.865000,2018-10-03 11:55:19.900000
460000095080923032,123.4061737,41.83095169,2307,2018-10-03 12:29:13.912000,2018-10-03 13:14:56.942000
460000095080923032,123.40727997,41.83174419,2307,2018-10-03 14:40:53.948000,2018-10-03 15:21:22.184000
460000095080958864,123.4273224,41.80459976,994,2018-10-03 12:59:37.289000,2018-10-03 13:17:30.140000
460000095080958864,123.4273224,41.80459976,994,2018-10-03 13:53:45.098000,2018-10-03 14:34:48.140000
460000095080958864,123.4272709,41.80211067,995,2018-10-03 15:41:41.341000,2018-10-03 16:16:43.141000
460000095080958864,123.40754088,41.85237046,1014,2018-10-03 17:43:18.225000,2018-10-03 17:57:22.577000
460000095080958864,123.40574054,41.84145525,999,2018-10-03 20:05:25.667000,2018-10-03 21:02:54.866000
460000095080958864,123.3916836,41.82403135,1001,2018-10-03 22:22:32.739000,2018-10-03 22:41:24.126000
460000095080968055,123.38891602,41.84870656,584,2018-10-03 05:59:49.359000,2018-10-03 06:44:38.726000
460000095080968055,123.39479768,41.85147066,582,2018-10-03 09:10:13.182000,2018-10-03 09:52:31.073000
460000095080968055,123.3128815,41.84870911,1731,2018-10-03 10:07:28.948000,2018-10-03 10:43:02.593000
460000095080968055,123.3775037,41.84921646,1730,2018-10-03 13:16:30.021000,2018-10-03 14:03:50.784000
460000095080968055,123.39022255,41.85053635,1733,2018-10-03 13:56:17.576000,2018-10-03 14:29:07.131000
460000095080968055,123.4106903,41.80588913,236,2018-10-03 19:23:14.510000,2018-10-03 19:53:28.870000
460000095083402469,123.34988309,41.79345274,282,2018-10-03 20:40:08.750000,2018-10-03 20:51:28.870000
460000095083457844,123.34688697,41.66535345,734,2018-10-03 16:23:13.507000,2018-10-03 17:56:08.961000
460000095083457844,123.39906311,41.80248718,448,2018-10-03 20:48:38.884000,2018-10-03 21:46:40.553000
460000095083470449,123.40755671,41.78163841,1655,2018-10-03 00:08:50.100000,2018-10-03 00:50:26.359000
460000095083470449,123.42234042,41.78732205,1653,2018-10-03 01:32:16.526000,2018-10-03 01:54:12.959000
460000095083470449,123.42011263,41.78624725,1653,2018-10-03 10:36:37.596000,2018-10-03 11:02:26.657000
460000095083470449,123.38093719,41.78625793,1670,2018-10-03 15:59:00.809000,2018-10-03 16:44:04.539000
460000095083470449,123.40924294,41.7818799,1655,2018-10-03 17:18:01.188000,2018-10-03 19:40:59.941000
460000095083470449,123.38692287,41.82093143,1001,2018-10-03 20:01:45.844000,2018-10-03 20:13:11.252000
460000095083470449,123.41006946,41.77857542,1655,2018-10-03 21:19:14.744000,2018-10-03 22:06:40.479000
460000095083470449,123.43728637,41.82466283,1663,2018-10-03 22:33:32.264000,2018-10-03 22:53:29.457000
460000095083470449,123.40135545,41.82099797,1018,2018-10-03 23:03:08.918000,2018-10-03 23:29:19.200000
460000095083499334,123.527092,41.82112885,760,2018-10-03 00:00:48.928000,2018-10-03 01:09:04.515000
460000095083499334,123.527092,41.82112885,760,2018-10-03 01:42:08.174000,2018-10-03 02:00:16.156000
460000095083499334,123.52645112,41.82108187,760,2018-10-03 03:18:20.451000,2018-10-03 06:42:04.287000
460000095083499334,123.52404783,41.82090569,799,2018-10-03 10:26:27.386000,2018-10-03 10:48:37.113000
460000095083499334,123.46987152,41.80749741,485,2018-10-03 14:59:30.857000,2018-10-03 15:04:10.208000
460000095083499334,123.4112045,41.71646805,186,2018-10-03 18:11:53.456000,2018-10-03 18:31:47.998000
460000095083499334,123.43735885,41.74055481,776,2018-10-03 18:45:24.226000,2018-10-03 18:48:53.237000
460000095083499334,123.34935148,41.81096954,778,2018-10-03 19:41:05.038000,2018-10-03 19:43:10.249000
460000095083499334,123.37250956,41.82998167,786,2018-10-03 21:43:14.857000,2018-10-03 22:18:52.611000
460000095083499334,123.41288895,41.8222195,118,2018-10-03 22:00:59.619000,2018-10-03 22:30:22.709000
460000095083499334,123.53845405,41.81646204,516,2018-10-03 23:06:17.543000,2018-10-03 23:25:01.888000
460000095083499334,123.5203018,41.81267929,525,2018-10-03 23:39:32.332000,2018-10-03 23:55:14.116000
460000095083818745,123.3926785,41.78815396,2434,2018-10-03 00:00:28.448000,2018-10-03 03:06:23.235000
460000095083818745,123.39550322,41.78979263,2439,2018-10-03 07:37:29.752000,2018-10-03 08:42:46.569000
460000095083818745,123.39219793,41.7872804,1829,2018-10-03 09:48:58.567000,2018-10-03 10:33:06.861000
460000095083818745,123.37280847,41.79449272,2445,2018-10-03 10:34:57.239000,2018-10-03 10:49:34.246000
460000095083818745,123.3726807,41.79486084,2442,2018-10-03 11:39:38.395000,2018-10-03 12:13:23.720000
460000095083818745,123.39338685,41.78827953,2434,2018-10-03 13:27:52.278000,2018-10-03 14:08:08.685000
460000095083818745,123.37421724,41.79392395,702,2018-10-03 14:29:38.579000,2018-10-03 14:47:02.648000
460000095083818745,123.39384353,41.78842435,2444,2018-10-03 15:50:44.106000,2018-10-03 17:03:50.475000
460000095083818745,123.39770365,41.79354691,1829,2018-10-03 20:00:47.714000,2018-10-03 21:50:57.391000
460000095084416880,123.40635682,41.73944993,862,2018-10-03 03:48:55.438000,2018-10-03 04:51:26.640000
460000095084416880,123.29676974,41.66120072,859,2018-10-03 05:53:30.960000,2018-10-03 06:02:55.855000
460000095084416880,123.43474577,41.77033615,853,2018-10-03 17:01:49.670000,2018-10-03 17:09:41.028000
460000095084416880,123.47711755,41.74303245,854,2018-10-03 17:22:32.289000,2018-10-03 17:30:45.474000
460000095084416880,123.4552021,41.81760597,855,2018-10-03 18:07:28.851000,2018-10-03 18:27:31.079000
460000095084416880,123.47618357,41.77234523,875,2018-10-03 21:23:47.846000,2018-10-03 21:56:40.137000
460000095084416880,123.45186006,41.788414,845,2018-10-03 22:12:40.527000,2018-10-03 22:49:33.882000
460000095084416880,123.4214859,41.82077503,857,2018-10-03 23:26:26.775000,2018-10-03 23:36:29.801000
460000095084420542,123.4043155,41.81939358,1713,2018-10-03 00:59:52.395000,2018-10-03 02:57:39.900000
460000095084420542,123.3780212,41.8158493,1716,2018-10-03 09:28:34.195000,2018-10-03 09:36:01.950000
460000095084420542,123.4087296,41.80886078,64,2018-10-03 23:01:30.932000,2018-10-03 23:44:25.003000
460000095084437788,123.42012075,41.8005071,60,2018-10-03 21:43:37.301000,2018-10-03 23:13:14.526000
460000095084486097,123.41529007,41.82634506,101,2018-10-03 00:01:09.690000,2018-10-03 00:39:10.780000
460000095084486097,123.42656962,41.82221858,106,2018-10-03 08:43:32.177000,2018-10-03 08:58:08.902000
460000095084486097,123.43905447,41.79272365,107,2018-10-03 09:07:20.834000,2018-10-03 09:37:51.211000
460000095084486097,123.4412203,41.79214335,121,2018-10-03 11:56:24.552000,2018-10-03 12:33:20.459000
460000095084486097,123.41258494,41.82416789,111,2018-10-03 13:02:22.256000,2018-10-03 14:51:56.465000
460000095084486097,123.42107393,41.80050945,114,2018-10-03 17:51:06.347000,2018-10-03 18:08:55.845000
460000095084486097,123.41638075,41.82648986,116,2018-10-03 22:54:41.805000,2018-10-03 23:52:16.167000
460000095084492531,123.3683319,41.80548096,933,2018-10-03 07:52:11.089000,2018-10-03 09:39:00.846000
460000095084492531,123.33939579,41.79996273,937,2018-10-03 16:00:18.223000,2018-10-03 16:50:04.089000
460000095084492531,123.3360519,41.80081177,937,2018-10-03 17:24:19.241000,2018-10-03 19:46:20.663000
460000095084492531,123.4143829,41.81169891,940,2018-10-03 21:39:09.100000,2018-10-03 22:26:05.286000
460000095084494779,123.3952179,41.7841301,1703,2018-10-03 00:05:02.031000,2018-10-03 00:25:58.829000
460000095084494779,123.39258763,41.85568333,1706,2018-10-03 00:58:55.515000,2018-10-03 01:03:23.973000
460000095084494779,123.39163207,41.85703405,1704,2018-10-03 10:22:42.958000,2018-10-03 11:08:49.845000
460000095084494779,123.4104309,41.81703186,1546,2018-10-03 15:59:43.702000,2018-10-03 16:48:45.433000
460000095084494779,123.41349795,41.80443191,756,2018-10-03 18:07:22.991000,2018-10-03 18:40:25.626000
460000095084494779,123.4128571,41.80469894,235,2018-10-03 20:33:36.110000,2018-10-03 21:00:01.874000
460000095084995924,123.35039998,41.79112148,253,2018-10-03 01:05:20.274000,2018-10-03 01:09:16.734000
460000095084995924,123.3716965,41.76863861,257,2018-10-03 01:25:29.584000,2018-10-03 05:58:33.870000
460000095084995924,123.36174775,41.77642441,259,2018-10-03 06:08:28.543000,2018-10-03 06:10:02.405000
460000095084995924,123.34671863,41.78934813,237,2018-10-03 06:16:01.427000,2018-10-03 14:38:02.772000
460000095084995924,123.34655375,41.78932194,237,2018-10-03 18:26:26.800000,2018-10-03 20:54:15.058000
460000095084995924,123.4296158,41.76125107,274,2018-10-03 21:39:31.740000,2018-10-03 22:00:39.383000
460000095084995924,123.38678935,41.75209713,261,2018-10-03 22:06:44.965000,2018-10-03 22:12:40.055000
460000095084995924,123.41505562,41.77879206,251,2018-10-03 22:28:13.330000,2018-10-03 22:33:23.300000
460000095084995924,123.41526262,41.80044632,16,2018-10-03 22:38:37.708000,2018-10-03 22:55:57.386000
460000095084995924,123.43063165,41.78522492,279,2018-10-03 23:42:28.235000,2018-10-03 23:53:16.224000
460000095090129828,123.3495178,41.79727936,1222,2018-10-03 06:43:25.368000,2018-10-03 07:56:57.327000
460000095090129828,123.3495178,41.79727936,1222,2018-10-03 08:55:56.432000,2018-10-03 09:59:30.819000
460000095090129828,123.44967844,41.73552799,1225,2018-10-03 10:36:47.370000,2018-10-03 11:19:15.591000
460000095090129828,123.54615367,42.45382552,332,2018-10-03 16:54:18.644000,2018-10-03 17:36:35.042000
460000095090129828,123.4642181,42.49359894,356,2018-10-03 17:41:43.747000,2018-10-03 17:44:25.605000
460000095090191628,122.8239136,42.01221848,199,2018-10-03 00:28:04.631000,2018-10-03 00:54:12.411000
460000095090191628,122.8239136,42.01221848,199,2018-10-03 02:48:00.158000,2018-10-03 03:17:30.836000
460000095090191628,122.8239136,42.01221848,199,2018-10-03 04:30:22.239000,2018-10-03 05:19:23.036000
460000095090191628,122.82576296,42.01231461,199,2018-10-03 09:21:43.096000,2018-10-03 10:09:39.738000
460000095090191628,123.330162,41.81687927,200,2018-10-03 11:29:40.030000,2018-10-03 11:32:44.305000
460000095090191628,123.4644585,41.80625534,201,2018-10-03 12:37:41.991000,2018-10-03 13:13:31.172000
460000095090191628,123.4583519,41.80146713,202,2018-10-03 14:11:33.956000,2018-10-03 15:35:40.572000
460000095090191628,123.46865467,41.83117549,204,2018-10-03 17:14:13.049000,2018-10-03 18:01:41.309000
460000095090191628,123.4746933,41.83179855,206,2018-10-03 19:07:41.618000,2018-10-03 20:33:14.147000
460000095090191628,123.40938114,41.8086647,58,2018-10-03 20:54:42.072000,2018-10-03 21:45:23.491000
460000095090191628,123.41035845,41.80837059,89,2018-10-03 22:55:33.326000,2018-10-03 23:53:53.346000
460000095090758498,123.43883159,41.81634195,143,2018-10-03 07:00:58.548000,2018-10-03 09:26:17.145000
460000095090758498,123.39822419,41.79589379,319,2018-10-03 09:41:12.522000,2018-10-03 11:59:40.545000
460000095090758498,123.39176059,41.79382766,1799,2018-10-03 12:30:26.205000,2018-10-03 13:52:24.601000
460000095090758498,123.40677261,41.77106063,290,2018-10-03 15:05:25.215000,2018-10-03 17:30:24.760000
460000095090758498,123.4144331,41.74541146,1823,2018-10-03 17:39:15.180000,2018-10-03 18:03:50.464000
460000095090758498,123.43678688,41.78617275,1806,2018-10-03 18:57:31.210000,2018-10-03 19:55:41.577000
460000095090758498,123.41296543,41.80468959,613,2018-10-03 20:01:25.476000,2018-10-03 21:36:57.282000
460000095090758498,123.39201694,41.79332094,1799,2018-10-03 22:30:14.955000,2018-10-03 23:55:56.625000
460000095091180583,123.44312591,41.8154541,143,2018-10-03 00:02:14.860000,2018-10-03 00:31:22.061000
460000095091180583,123.4630356,41.8089097,957,2018-10-03 00:45:33.062000,2018-10-03 02:36:49.822000
460000095091180583,123.46466574,41.80383089,231,2018-10-03 03:19:59.427000,2018-10-03 04:31:59.194000
460000095091180583,123.4649277,41.80207825,956,2018-10-03 06:11:53.538000,2018-10-03 06:40:54.707000
460000095091180583,123.46615599,41.80258751,961,2018-10-03 11:14:38.922000,2018-10-03 12:03:23.171000
460000095091180583,123.45525903,41.80086517,973,2018-10-03 12:53:19.217000,2018-10-03 13:35:06.675000
460000095091180583,123.44341532,41.81486193,143,2018-10-03 16:21:58.314000,2018-10-03 16:42:51.656000
460000095091180583,123.4428192,41.81599579,143,2018-10-03 17:15:18.860000,2018-10-03 17:46:34.489000
460000095091180583,123.44188238,41.81520011,959,2018-10-03 18:20:56.144000,2018-10-03 20:41:58.260000
460000095091180583,123.44313964,41.81477814,950,2018-10-03 21:16:21.051000,2018-10-03 21:29:16.025000
460000095091180583,123.38562246,41.81386214,964,2018-10-03 21:37:11.234000,2018-10-03 23:20:14.559000
460000095091180583,123.44014975,41.81447778,954,2018-10-03 23:24:35.831000,2018-10-03 23:56:21.920000
460000095093417729,123.3417969,41.66085815,705,2018-10-03 05:58:30.277000,2018-10-03 06:32:00.950000
460000095093417729,123.3398514,41.66193286,705,2018-10-03 08:22:57.376000,2018-10-03 09:31:08.941000
460000095093417729,123.3997421,41.79064178,704,2018-10-03 13:34:20.644000,2018-10-03 14:18:40.305000
460000095093417729,123.4042511,41.80353928,614,2018-10-03 16:01:55.857000,2018-10-03 16:31:12.965000
460000095093417729,123.39756395,41.79464483,706,2018-10-03 18:51:03.646000,2018-10-03 19:29:01.384000
460000095093417729,123.40345327,41.80436761,614,2018-10-03 21:05:51.113000,2018-10-03 21:57:31.830000
460000095093938695,123.4070928,41.80705973,1270,2018-10-03 08:35:03.106000,2018-10-03 11:02:11.214000
460000095093938695,123.40553283,41.80773108,1270,2018-10-03 15:54:05.570000,2018-10-03 16:42:17.051000
460000095093938695,123.4378586,41.80459976,1269,2018-10-03 22:47:07.526000,2018-10-03 23:55:26.113000
460020095000526731,123.4159698,41.80778122,12,2018-10-03 01:39:16.598000,2018-10-03 02:07:57.526000
460020095000526731,123.41756704,41.8056654,0,2018-10-03 07:26:21.706000,2018-10-03 09:53:16.942000
460020095000526731,123.42044447,41.807827,1285,2018-10-03 10:43:55.426000,2018-10-03 11:19:08.946000
460020095000526731,123.4159698,41.80778122,12,2018-10-03 12:00:59.357000,2018-10-03 13:03:42.196000
460020095000526731,123.42563246,41.80609894,12,2018-10-03 13:53:06.662000,2018-10-03 15:46:59.336000
460020095000526731,123.41536739,41.80766983,0,2018-10-03 16:25:04.431000,2018-10-03 19:01:04.821000
460020095000526731,123.4159698,41.80778122,12,2018-10-03 20:15:53.430000,2018-10-03 20:43:49.748000
460020095000526731,123.41304341,41.80362592,0,2018-10-03 21:06:59.239000,2018-10-03 22:09:56.124000
460020095000526731,123.4159698,41.80778122,12,2018-10-03 22:41:12.177000,2018-10-03 22:47:03.779000
460020095000586650,123.4191513,41.75864029,577,2018-10-03 01:04:48.880000,2018-10-03 02:17:51.629000
460020095000586650,123.4191513,41.75864029,577,2018-10-03 06:20:53.576000,2018-10-03 06:46:35.574000
460020095000586650,123.4191513,41.75864029,577,2018-10-03 07:30:22.635000,2018-10-03 08:20:22.655000
460020095000586650,123.4191513,41.75864029,572,2018-10-03 08:54:11.440000,2018-10-03 09:05:54.199000
460020095000586650,123.4191513,41.75864029,572,2018-10-03 09:59:38.479000,2018-10-03 10:13:16.414000
460020095000586650,123.40479434,41.75866547,573,2018-10-03 16:52:06.005000,2018-10-03 17:14:28.886000
460020095000586650,123.4106903,41.80588913,194,2018-10-03 18:44:35.505000,2018-10-03 19:44:11.834000
460020095000636300,123.4523087,41.78773117,1568,2018-10-03 09:30:44.018000,2018-10-03 09:39:59.038000
460020095000636300,123.45178605,41.78766632,1573,2018-10-03 10:08:18.082000,2018-10-03 11:58:00.615000
460020095000636300,123.40952495,41.80926037,64,2018-10-03 21:14:26.311000,2018-10-03 23:37:32.392000
460020095000646396,123.38698059,41.81065887,2715,2018-10-03 00:05:57.032000,2018-10-03 00:55:18.638000
460020095000646396,123.4396803,41.82248419,2660,2018-10-03 00:57:51.729000,2018-10-03 01:25:14.453000
460020095000646396,123.35844975,41.83393112,2200,2018-10-03 01:27:57.602000,2018-10-03 02:07:58.234000
460020095000646396,123.3706284,41.81869888,1749,2018-10-03 16:03:57.038000,2018-10-03 16:05:59.393000
460020095000646396,123.44206129,41.816185,831,2018-10-03 16:23:06.562000,2018-10-03 16:28:46.383000
460020095000646396,123.47006226,41.80389077,2175,2018-10-03 16:35:37.385000,2018-10-03 17:02:21.418000
460020095000646396,123.4402313,41.83263016,2720,2018-10-03 17:52:04.273000,2018-10-03 17:53:28.610000
460020095000646396,123.3708458,41.82548428,786,2018-10-03 18:52:40.018000,2018-10-03 18:59:20.906000
460020095000646396,123.40469276,41.81962585,1047,2018-10-03 20:03:49.527000,2018-10-03 20:09:16.382000
460020095000646396,123.47646249,41.76753065,2713,2018-10-03 20:56:37.737000,2018-10-03 21:05:10.871000
460020095000646396,123.46086734,41.80324936,2760,2018-10-03 21:16:55.467000,2018-10-03 21:24:25.024000
460020095000646396,123.43108597,41.80459938,951,2018-10-03 22:19:57.948000,2018-10-03 23:09:14.885000
460020095000646396,123.3831571,41.81161054,964,2018-10-03 23:18:13.117000,2018-10-03 23:19:17.510000
460020095000646396,123.38010661,41.81597614,2709,2018-10-03 23:52:22.276000,2018-10-03 23:55:18.021000
460020095001192336,123.4159698,41.80778122,11,2018-10-03 01:44:56.503000,2018-10-03 02:24:09.203000
460020095001192336,123.41517635,41.80974006,249,2018-10-03 04:51:42.494000,2018-10-03 05:21:09.826000
460020095001192336,123.41394655,41.80577774,613,2018-10-03 06:00:29.461000,2018-10-03 07:21:45.030000
460020095001192336,123.41483791,41.80666039,249,2018-10-03 07:52:51.405000,2018-10-03 08:39:33.177000
460020095001192336,123.41410218,41.80593185,235,2018-10-03 09:16:46.230000,2018-10-03 09:27:26.117000
460020095001192336,123.41332702,41.82230911,120,2018-10-03 09:37:09.717000,2018-10-03 09:46:53.177000
460020095001192336,123.41530279,41.80712073,249,2018-10-03 11:05:37.536000,2018-10-03 12:45:41.343000
460020095001192336,123.4128571,41.80469894,613,2018-10-03 14:42:14.549000,2018-10-03 15:27:13.516000
460020095001192336,123.41360158,41.80604585,234,2018-10-03 17:37:17.212000,2018-10-03 19:34:22.945000
460020095001192336,123.41331484,41.80679893,613,2018-10-03 20:10:26.061000,2018-10-03 21:25:47.585000
460020095001192336,123.4159698,41.80778122,249,2018-10-03 23:09:38.121000,2018-10-03 23:52:23.246000
460020095001645387,123.3910108,41.81047276,1294,2018-10-03 00:03:06.573000,2018-10-03 01:07:03.030000
460020095001645387,123.3900375,41.80822086,1294,2018-10-03 06:29:47.924000,2018-10-03 06:46:24.298000
460020095001645387,123.4020484,41.81062535,1033,2018-10-03 09:27:21.224000,2018-10-03 10:21:58.932000
460020095001645387,123.4166718,41.8102417,23,2018-10-03 16:43:36.144000,2018-10-03 17:25:23.307000
460020095001645387,123.3968506,41.8096199,1293,2018-10-03 18:15:38.792000,2018-10-03 19:02:33.784000
460020095001775162,123.4154739,41.80748485,249,2018-10-03 03:56:07.120000,2018-10-03 06:14:02.561000
460020095001775162,123.41463263,41.80664236,1470,2018-10-03 06:48:11.784000,2018-10-03 08:02:17.100000
460020095001775162,123.41489564,41.80712509,1470,2018-10-03 08:51:24.094000,2018-10-03 09:35:54.178000
460020095001775162,123.4159698,41.80778122,249,2018-10-03 10:18:33.286000,2018-10-03 10:38:33.324000
460020095001775162,123.41563412,41.80757618,249,2018-10-03 11:13:36.918000,2018-10-03 12:08:56.477000
460020095001775162,123.41477967,41.80685743,1470,2018-10-03 12:44:24.319000,2018-10-03 15:07:15.246000
460020095001775162,123.41485848,41.80752436,249,2018-10-03 16:16:17.243000,2018-10-03 17:22:14.695000
460020095001775162,123.41500345,41.80699412,249,2018-10-03 18:34:04.409000,2018-10-03 19:20:50.195000
460020095001775162,123.41568683,41.80750101,249,2018-10-03 21:13:02.107000,2018-10-03 22:25:20.005000
460020095002685457,123.398613,41.73863983,2033,2018-10-03 09:02:48.405000,2018-10-03 09:09:23.426000
460020095002685457,123.40698461,41.79873494,377,2018-10-03 15:31:02.336000,2018-10-03 15:57:43.489000
460020095002685457,123.41755008,41.8062849,2029,2018-10-03 16:29:07.030000,2018-10-03 17:21:14.426000
460020095002685457,123.41626894,41.80243988,1289,2018-10-03 18:03:27.555000,2018-10-03 18:19:57.186000
460020095002685457,123.41538598,41.80292017,377,2018-10-03 18:52:07.348000,2018-10-03 21:01:53.980000
460020095002685457,123.41763021,41.80269909,1291,2018-10-03 21:57:43.899000,2018-10-03 22:35:52.430000
460020095002693054,123.40875559,41.80859627,397,2018-10-03 00:01:37.692000,2018-10-03 07:01:19.261000
460020095002693054,123.40875757,41.80764021,397,2018-10-03 08:20:41.476000,2018-10-03 15:21:08.310000
460020095002693054,123.40112089,41.79905537,1474,2018-10-03 15:48:52.626000,2018-10-03 16:19:00.793000
460020095002693054,123.47065595,41.80301701,1472,2018-10-03 16:42:14.333000,2018-10-03 18:18:55.232000
460020095002693054,123.46331118,41.80255127,961,2018-10-03 19:12:17.511000,2018-10-03 19:55:24.783000
460020095002693054,123.46909905,41.80300045,1472,2018-10-03 20:57:09.969000,2018-10-03 21:26:10.703000
460020095002693054,123.4711914,41.80286026,1472,2018-10-03 23:04:22.240000,2018-10-03 23:55:39.098000
460020095002752094,123.41705934,41.87710571,1490,2018-10-03 12:00:18.307000,2018-10-03 12:17:34.588000
460020095002752094,123.41254805,41.78761482,1505,2018-10-03 12:58:10.830000,2018-10-03 13:07:24.161000
460020095002752094,123.41527302,41.88485908,1487,2018-10-03 13:53:59.697000,2018-10-03 14:22:49.763000
460020095002752094,123.41433335,41.89425087,1491,2018-10-03 16:23:18.466000,2018-10-03 16:44:42.990000
460020095002752094,123.45303045,41.83829203,1495,2018-10-03 21:47:45.015000,2018-10-03 23:30:32.815000
460020095002765063,123.32422488,41.66681213,1529,2018-10-03 16:01:10.153000,2018-10-03 16:35:39.838000
460020095002765063,123.32286729,41.66769845,1529,2018-10-03 17:07:53.046000,2018-10-03 18:15:03.288000
460020095002765063,123.38070897,41.68434089,175,2018-10-03 19:49:19.242000,2018-10-03 20:01:45.225000
460020095002765063,123.40979926,41.80835567,58,2018-10-03 20:45:06.071000,2018-10-03 23:21:34.969000
460020095002765063,123.4112644,41.81697845,1554,2018-10-03 23:27:29.280000,2018-10-03 23:53:20.092000
460020095003040400,123.41111753,41.80283101,527,2018-10-03 13:12:04.585000,2018-10-03 13:38:48.292000
460020095003693826,123.411911,41.81045914,9,2018-10-03 15:31:11.516000,2018-10-03 15:55:26.141000
460020095003693826,123.41251582,41.80939206,9,2018-10-03 17:17:12.765000,2018-10-03 17:39:38.040000
460020095003693826,123.41200561,41.80988312,9,2018-10-03 20:05:06.793000,2018-10-03 21:05:08.915000
460020095003693826,123.41210022,41.8093071,8,2018-10-03 22:41:15.185000,2018-10-03 23:19:35.795000
460020095004258157,123.1545181,41.69551086,2006,2018-10-03 16:09:15.332000,2018-10-03 16:23:26.300000
460020095004258157,123.39739074,41.79493026,2004,2018-10-03 19:00:05.566000,2018-10-03 19:07:44.536000
460020095004258157,123.41178469,41.80983197,9,2018-10-03 19:10:45.579000,2018-10-03 20:27:43.940000
460020095004730821,123.39762117,41.80511284,448,2018-10-03 00:09:23.915000,2018-10-03 00:12:26.406000
460020095004730821,123.48687066,41.7861468,2589,2018-10-03 03:11:01.829000,2018-10-03 03:43:42.605000
460020095004730821,123.53582,41.80881119,2550,2018-10-03 04:57:00.859000,2018-10-03 06:32:35.795000
460020095004730821,123.53547095,41.80931902,2550,2018-10-03 07:01:36.062000,2018-10-03 09:58:09.127000
460020095004730821,123.41249655,41.81381989,6,2018-10-03 17:31:33.088000,2018-10-03 17:33:55.041000
460020095004730821,123.32671292,41.79448128,2562,2018-10-03 18:02:36.451000,2018-10-03 18:16:00.617000
460020095004730821,123.37385454,41.81803621,2238,2018-10-03 18:33:30.845000,2018-10-03 18:46:59.276000
460020095004730821,123.40904488,41.85024961,2560,2018-10-03 22:02:11.639000,2018-10-03 22:27:53.713000
460020095004730821,123.37541963,41.8262043,2575,2018-10-03 23:20:35.920000,2018-10-03 23:26:01.826000
460020095004730821,123.39507932,41.80035718,708,2018-10-03 23:29:32.635000,2018-10-03 23:56:08.814000
460020095004751842,123.4042511,41.80353928,606,2018-10-03 09:42:55.691000,2018-10-03 10:06:26.533000
460020095004751842,123.4064331,41.81716919,608,2018-10-03 14:00:22.715000,2018-10-03 14:25:38.092000
460020095004751842,123.4064331,41.81716919,608,2018-10-03 15:12:09.562000,2018-10-03 15:50:05.804000
460020095004751842,123.4064331,41.81716919,608,2018-10-03 16:25:36.851000,2018-10-03 17:40:37.497000
460020095004751842,123.41354062,41.82036489,604,2018-10-03 19:04:41.922000,2018-10-03 20:42:10.297000
460020095004751842,123.40667153,41.80404949,230,2018-10-03 20:44:20.490000,2018-10-03 21:02:27.545000
460020095006349317,123.40756032,41.78543758,1955,2018-10-03 01:05:26.568000,2018-10-03 01:21:24.550000
460020095006349317,123.44405707,41.79694324,1954,2018-10-03 02:55:07.644000,2018-10-03 03:40:54.342000
460020095006349317,123.44717787,41.79704475,1958,2018-10-03 04:20:27.022000,2018-10-03 04:41:54.085000
460020095006349317,123.4449583,41.79692759,1954,2018-10-03 06:10:09.753000,2018-10-03 07:36:41.947000
460020095006349317,123.44950976,41.79974256,1951,2018-10-03 11:00:12.233000,2018-10-03 11:57:42.028000
460020095006349317,123.41079335,41.80677986,16,2018-10-03 20:47:00.036000,2018-10-03 21:18:20.207000
460020095006349317,123.4087296,41.80886078,58,2018-10-03 22:59:02.441000,2018-10-03 23:44:19.273000
460020095009127182,123.42011601,41.81927236,1397,2018-10-03 11:35:40.113000,2018-10-03 12:04:19.088000
460020095009127182,123.417511,41.82001114,1398,2018-10-03 12:43:43.610000,2018-10-03 15:51:35.844000
460020095009127182,123.41804506,41.81957203,1398,2018-10-03 16:38:21.302000,2018-10-03 17:02:12.999000
460020095009127182,123.40104184,41.79271234,704,2018-10-03 17:11:08.957000,2018-10-03 18:52:31.767000
460020095009127182,123.41657674,41.81931929,1398,2018-10-03 18:59:23.747000,2018-10-03 19:35:25.641000
460020095009127182,123.41818086,41.81982117,1398,2018-10-03 21:12:37.736000,2018-10-03 21:44:25.784000
460020095009713959,123.3898392,41.80075073,2039,2018-10-03 00:07:38.691000,2018-10-03 01:25:53.732000
460020095009713959,123.38954833,41.79822588,1054,2018-10-03 02:24:34.974000,2018-10-03 04:02:26.340000
460020095009713959,123.39033996,41.79965626,1054,2018-10-03 07:30:33.781000,2018-10-03 09:36:12.943000
460020095009713959,123.45606818,41.79751939,2042,2018-10-03 13:33:44.766000,2018-10-03 14:48:48.553000
460020095009713959,123.45067787,41.79474783,1905,2018-10-03 15:39:25.284000,2018-10-03 15:56:53.352000
460020095009713959,123.39151766,41.79744805,1054,2018-10-03 16:25:45.366000,2018-10-03 18:14:36.407000
460020095009713959,123.40798318,41.80797386,64,2018-10-03 18:50:59.239000,2018-10-03 19:47:54.212000
460020095009713959,123.39260757,41.80097362,2039,2018-10-03 21:00:24.599000,2018-10-03 21:38:53.618000
460020095013629082,123.40935011,41.80867404,58,2018-10-03 00:05:02.688000,2018-10-03 01:45:01.714000
460020095013629082,123.48369926,41.79125595,2622,2018-10-03 02:02:18.875000,2018-10-03 03:47:52.026000
460020095013629082,123.4836197,41.79064178,2622,2018-10-03 06:29:19.649000,2018-10-03 07:40:09.603000
460020095013629082,123.4836197,41.79064178,2624,2018-10-03 09:17:36.857000,2018-10-03 09:23:48.191000
460020095013629082,123.48469593,41.79590785,2630,2018-10-03 09:54:02.842000,2018-10-03 12:08:38.707000
460020095013629082,123.47844394,41.79138031,2620,2018-10-03 20:21:57.457000,2018-10-03 20:41:33.925000
460020095013629082,123.47958757,41.79254055,2620,2018-10-03 21:26:10.844000,2018-10-03 22:15:54.255000
460020095019213379,123.43420108,41.77595825,1978,2018-10-03 17:15:04.876000,2018-10-03 17:51:33.977000
460020095019213379,123.40897469,41.80848932,64,2018-10-03 20:08:22.210000,2018-10-03 21:12:40.174000
460020095019213379,123.40811339,41.77758654,1974,2018-10-03 21:30:34.321000,2018-10-03 23:29:44.460000
460020095019361156,123.34127199,41.42934596,1305,2018-10-03 00:39:30.659000,2018-10-03 01:46:29.863000
460020095019361156,123.3410721,41.42948151,1305,2018-10-03 02:34:13.213000,2018-10-03 03:30:28.778000
460020095019361156,123.34157182,41.42914264,1305,2018-10-03 04:58:11.055000,2018-10-03 05:54:12.786000
460020095019361156,123.34144689,41.42922736,1305,2018-10-03 07:18:12.933000,2018-10-03 08:34:28.798000
460020095019361156,123.3410721,41.42948151,1305,2018-10-03 09:08:13.318000,2018-10-03 09:55:51.619000
460020095019361156,123.3371582,41.42939377,1305,2018-10-03 10:38:30.260000,2018-10-03 12:34:12.955000
460020095019361156,123.33606283,41.42919268,1309,2018-10-03 13:16:26.693000,2018-10-03 13:49:27.156000
460020095019361156,123.32757679,41.42524828,1312,2018-10-03 14:56:36.451000,2018-10-03 15:21:55.548000
460020095019361156,123.33767156,41.42975835,1305,2018-10-03 15:32:42.764000,2018-10-03 16:45:23.058000
460020095019361156,123.41097005,41.80569649,1053,2018-10-03 19:31:06.962000,2018-10-03 20:22:48.485000
460020095019361156,123.3328993,41.42199961,1316,2018-10-03 21:35:35.976000,2018-10-03 22:23:13.692000
460020095019361156,123.3410721,41.42948151,1305,2018-10-03 22:53:22.433000,2018-10-03 23:55:49.063000
460020095020693878,123.41469828,41.80366325,370,2018-10-03 22:46:09.281000,2018-10-03 23:47:27.279000
460020095020826206,123.33047764,41.65481775,1593,2018-10-03 09:55:59.306000,2018-10-03 10:53:33.015000
460020095020826206,123.3458176,41.6639595,734,2018-10-03 12:05:54.049000,2018-10-03 12:35:35.566000
460020095020826206,123.3458176,41.6639595,734,2018-10-03 15:07:00.049000,2018-10-03 16:34:09.435000
460020095020826206,123.33374375,41.65708219,1592,2018-10-03 17:54:09.569000,2018-10-03 19:05:04.609000
460020095020826206,123.40933892,41.80820109,58,2018-10-03 22:31:40.305000,2018-10-03 23:49:11.991000
460020095021709464,123.40185689,41.7908257,2479,2018-10-03 00:07:04.944000,2018-10-03 09:09:14.566000
460020095021709464,123.44216411,41.81578318,143,2018-10-03 09:29:01.988000,2018-10-03 10:05:19.451000
460020095024525542,123.40314483,41.79810047,531,2018-10-03 18:30:36.450000,2018-10-03 18:36:52.930000
460020095024525542,123.4119873,41.8078804,89,2018-10-03 23:00:22.050000,2018-10-03 23:26:27.494000
460020095024525542,123.38274956,41.79751968,534,2018-10-03 23:31:31.012000,2018-10-03 23:54:02.680000
460020095024652194,123.41470337,41.80918853,1033,2018-10-03 10:18:20.505000,2018-10-03 11:32:31.682000
460020095024652194,123.40025012,41.82387702,1016,2018-10-03 12:22:04.043000,2018-10-03 13:48:18.940000
460020095024652194,123.3753204,41.86518097,2514,2018-10-03 17:48:18.302000,2018-10-03 18:33:08.558000
460020095025511997,123.45966061,41.80047828,470,2018-10-03 10:49:50.429000,2018-10-03 13:40:10.372000
460020095025511997,123.40326687,41.91759872,543,2018-10-03 15:51:23.498000,2018-10-03 16:25:00.732000
460020095025511997,123.40416095,41.92430531,545,2018-10-03 18:50:58.262000,2018-10-03 19:50:51.219000
460020095025588848,123.40887781,41.80761065,64,2018-10-03 18:55:11.296000,2018-10-03 19:54:24.281000
460020095025588848,123.4087296,41.80886078,424,2018-10-03 20:50:39.826000,2018-10-03 21:36:39.567000
460020095025588848,123.40439543,41.79567631,1277,2018-10-03 22:07:08.960000,2018-10-03 23:44:31.894000
460020095025609903,123.41397738,41.79824722,2310,2018-10-03 00:02:12.026000,2018-10-03 03:02:32.189000
460020095025609903,123.41155243,41.80862045,100,2018-10-03 16:07:35.721000,2018-10-03 16:24:36.936000
460020095025669655,123.39220048,41.79852867,2461,2018-10-03 00:08:47.086000,2018-10-03 00:10:50.257000
460020095025669655,123.3311157,41.75082143,2463,2018-10-03 15:23:57.676000,2018-10-03 16:09:06.869000
460020095025669655,123.3817215,41.78807831,2462,2018-10-03 17:25:23.707000,2018-10-03 18:15:53.743000
460020095025669655,123.40987905,41.80550321,194,2018-10-03 20:05:41.309000,2018-10-03 20:52:28.885000
460020095025808757,123.4263535,41.81867981,492,2018-10-03 00:36:35.649000,2018-10-03 01:02:41.244000
460020095025808757,123.42638075,41.81869216,492,2018-10-03 01:28:05.272000,2018-10-03 07:55:45.330000
460020095025808757,123.42794326,41.81790304,498,2018-10-03 08:38:03.463000,2018-10-03 09:23:04.774000
460020095025808757,123.45919334,41.79960755,487,2018-10-03 10:33:09.720000,2018-10-03 13:42:30.300000
460020095025808757,123.4629676,41.95548803,491,2018-10-03 14:54:59.058000,2018-10-03 16:06:46.691000
460020095025808757,123.6205215,41.84529114,497,2018-10-03 17:41:07.795000,2018-10-03 17:58:57.698000
460020095025808757,123.42553406,41.81786728,505,2018-10-03 19:08:13.357000,2018-10-03 19:13:44.827000
460020095025808757,123.40952416,41.80862166,58,2018-10-03 19:42:29.996000,2018-10-03 23:50:27.092000
460020095026670626,123.41338046,41.79400024,62,2018-10-03 08:10:52.941000,2018-10-03 08:19:19.264000
460020095026670626,123.41095986,41.79416148,389,2018-10-03 08:57:42.173000,2018-10-03 10:47:30.935000
460020095026670626,123.41267243,41.79524866,386,2018-10-03 13:23:24.773000,2018-10-03 15:25:12.260000
460020095026670626,123.4138184,41.79597855,383,2018-10-03 17:46:54.449000,2018-10-03 18:40:20.860000
460020095026670626,123.41179431,41.80547218,235,2018-10-03 19:37:27.477000,2018-10-03 21:02:51.255000
460020095026670626,123.41231539,41.79871254,235,2018-10-03 21:57:08.880000,2018-10-03 22:57:23.518000
460020095027690570,123.44804064,41.79559613,1916,2018-10-03 08:02:38.264000,2018-10-03 08:49:38.919000
460020095027690570,123.3734291,41.7942585,1926,2018-10-03 08:58:30.617000,2018-10-03 09:10:00.203000
460020095027690570,123.36982756,41.76934634,1912,2018-10-03 09:51:07.072000,2018-10-03 12:25:36.745000
460020095027690570,123.3936501,41.76829529,1937,2018-10-03 12:30:32.454000,2018-10-03 12:33:30.450000
460020095027690570,123.43292304,41.79323717,1928,2018-10-03 12:53:48.916000,2018-10-03 13:32:25.743000
460020095027690570,123.449028,41.79338074,1902,2018-10-03 13:57:11.644000,2018-10-03 14:32:46.894000
460020095027690570,123.44797514,41.79495239,1907,2018-10-03 19:26:33.931000,2018-10-03 19:37:19.205000
460020095027690570,123.40850474,41.80697811,97,2018-10-03 20:05:56.598000,2018-10-03 22:00:58.385000
460020095027690570,123.40392301,41.78112684,290,2018-10-03 22:26:36.735000,2018-10-03 23:14:23.054000
460020095027690570,123.44785478,41.79092196,865,2018-10-03 23:21:27.832000,2018-10-03 23:31:01.296000
460020095029764850,123.43321943,41.80991959,2072,2018-10-03 10:34:08.537000,2018-10-03 11:59:59.785000
460020095029764850,123.43173368,41.80855255,17,2018-10-03 12:47:44.637000,2018-10-03 13:39:20.895000
460020095029764850,123.41136535,41.76976211,2061,2018-10-03 14:09:08.471000,2018-10-03 17:26:54.013000
460020095029764850,123.43312834,41.8073555,17,2018-10-03 19:14:52.731000,2018-10-03 19:45:57.524000
460020095029764850,123.40913681,41.80873823,58,2018-10-03 22:25:39.760000,2018-10-03 23:56:00.361000
460020095033733585,123.40899385,41.85297721,2490,2018-10-03 12:16:25.127000,2018-10-03 13:10:45.037000
460020095033733585,123.40937218,41.84861565,2494,2018-10-03 14:59:04.054000,2018-10-03 16:44:52.851000
460020095033733585,123.40928253,41.84885483,2493,2018-10-03 17:59:26.257000,2018-10-03 20:53:47.499000
460020095033733585,123.4119873,41.8078804,89,2018-10-03 22:49:33.672000,2018-10-03 23:39:18.477000
460020095040329737,123.4335632,41.81176376,2458,2018-10-03 20:22:41.769000,2018-10-03 20:57:09.284000
460020095040371174,123.3980179,41.80838013,1965,2018-10-03 00:52:30.509000,2018-10-03 01:47:50.108000
460020095040371174,123.3980179,41.80838013,1965,2018-10-03 02:06:09.100000,2018-10-03 04:36:24.929000
460020095040371174,123.3980179,41.80838013,1965,2018-10-03 05:42:27.004000,2018-10-03 05:59:48.778000
460020095040371174,123.39804842,41.80858612,1965,2018-10-03 07:19:51.758000,2018-10-03 09:06:42.923000
460020095040371174,123.39787167,41.8083992,1965,2018-10-03 10:36:11.425000,2018-10-03 12:17:54.251000
460020095040371174,123.39835232,41.80844498,1965,2018-10-03 16:35:21.598000,2018-10-03 16:47:05.108000
460020095040371174,123.39778444,41.80862808,1965,2018-10-03 17:24:24.411000,2018-10-03 18:10:24.586000
460020095040671966,123.30600355,41.79482079,1167,2018-10-03 17:45:50.839000,2018-10-03 17:59:59.818000
460020095040671966,123.30677711,41.79513253,190,2018-10-03 18:32:15.227000,2018-10-03 18:56:14.126000
460020095040671966,123.41773987,41.82641506,101,2018-10-03 19:38:15.856000,2018-10-03 19:42:27.560000
460020095040671966,123.35329142,41.78548431,314,2018-10-03 21:56:06.435000,2018-10-03 23:02:33.236000
460020095040671966,123.4112091,41.80668564,236,2018-10-03 23:35:16.543000,2018-10-03 23:50:57.964000
460020095040749610,123.40883171,41.80825366,64,2018-10-03 00:07:57.701000,2018-10-03 01:22:56.248000
460020095040749610,123.40872752,41.80863537,64,2018-10-03 02:13:03.719000,2018-10-03 03:40:21.725000
460020095040749610,123.40896476,41.804245,368,2018-10-03 04:13:37.066000,2018-10-03 05:25:20.629000
460020095040749610,123.37533569,41.77010608,413,2018-10-03 05:28:32.465000,2018-10-03 06:10:59.198000
460020095040749610,123.36759841,41.7697307,405,2018-10-03 15:14:59.857000,2018-10-03 15:29:32.450000
460020095040749610,123.35931776,41.76684523,405,2018-10-03 16:18:35.917000,2018-10-03 16:36:15.095000
460020095040749610,123.36956942,41.76828537,408,2018-10-03 17:39:27.617000,2018-10-03 17:58:15.256000
460020095040749610,123.40893745,41.78975344,402,2018-10-03 19:42:04.957000,2018-10-03 20:01:32.717000
460020095040749610,123.3428688,41.76860523,440,2018-10-03 20:37:38.742000,2018-10-03 21:02:23.678000
460020095040749610,123.40924931,41.8061881,404,2018-10-03 21:47:35.672000,2018-10-03 23:34:18.956000
460020095042630820,123.40954403,41.80861569,64,2018-10-03 21:56:21.820000,2018-10-03 22:43:34.137000
460020095044852955,123.5447083,42.4447403,328,2018-10-03 00:07:09.127000,2018-10-03 03:03:49.985000
460020095044852955,123.54178304,42.44192315,328,2018-10-03 08:58:51.153000,2018-10-03 10:28:25.136000
460020095044852955,123.53755296,42.43652398,329,2018-10-03 13:35:19.908000,2018-10-03 14:06:00.504000
460020095044852955,123.5482769,42.45124531,351,2018-10-03 14:23:54.660000,2018-10-03 14:35:05.053000
460020095044852955,123.554533,42.44353962,331,2018-10-03 15:29:05.568000,2018-10-03 17:18:57.916000
460020095044852955,123.54496984,42.44403676,334,2018-10-03 21:32:01.424000,2018-10-03 22:08:27.507000
460020095044852955,123.44357113,41.81229877,339,2018-10-03 23:27:20.112000,2018-10-03 23:38:30.742000
460020095047591881,123.4200516,41.84743118,471,2018-10-03 00:10:05.954000,2018-10-03 00:33:23.704000
460020095047591881,123.4200516,41.84743118,471,2018-10-03 04:42:26.872000,2018-10-03 06:07:01.696000
460020095047591881,123.41916275,41.84535027,472,2018-10-03 07:00:26.041000,2018-10-03 07:27:13.466000
460020095047591881,123.41908627,41.84618879,476,2018-10-03 08:01:27.687000,2018-10-03 10:27:47.889000
460020095047591881,123.41919601,41.84646388,476,2018-10-03 11:04:15.675000,2018-10-03 11:36:16.108000
460020095047591881,123.41969439,41.8463752,471,2018-10-03 12:02:58.660000,2018-10-03 14:22:17.433000
460020095047591881,123.41981605,41.84919643,471,2018-10-03 14:31:50.890000,2018-10-03 15:44:32.045000
460020095047591881,123.4087296,41.80886078,64,2018-10-03 19:14:27.975000,2018-10-03 20:10:36.972000
460020095047591881,123.41262248,41.81300831,64,2018-10-03 20:58:38.252000,2018-10-03 21:21:30.637000
460020095047591881,123.41959994,41.84959717,477,2018-10-03 21:27:54.758000,2018-10-03 21:51:15.180000
460020095050670159,123.4350454,41.81924335,460,2018-10-03 09:44:04.369000,2018-10-03 10:53:11.475000
460020095050670159,123.45451166,41.80176735,463,2018-10-03 14:05:27.206000,2018-10-03 14:51:06.413000
460020095050670159,123.4301834,41.82373047,458,2018-10-03 17:23:57.946000,2018-10-03 17:42:23.878000
460020095050670159,123.40961806,41.8085934,64,2018-10-03 17:53:16.796000,2018-10-03 19:13:26.206000
460020095050670159,123.40872387,41.80824089,58,2018-10-03 19:50:13.281000,2018-10-03 19:57:45.161000
460020095051970226,123.4157677,41.79905605,2476,2018-10-03 21:42:58.278000,2018-10-03 22:32:32.794000
460020095053216865,123.40341187,41.79461016,1399,2018-10-03 16:16:43.329000,2018-10-03 16:38:22.701000
460020095053216865,123.40759691,41.80510028,1270,2018-10-03 18:32:23.085000,2018-10-03 20:58:52.522000
460020095068332375,123.41112366,41.80565109,194,2018-10-03 20:37:05.627000,2018-10-03 21:39:07.844000
460020095068332375,123.39567412,41.80801392,1252,2018-10-03 22:52:02.834000,2018-10-03 23:19:29.375000
460020095081880808,122.84151595,41.99504263,1873,2018-10-03 00:16:26.315000,2018-10-03 01:35:49.396000
460020095081880808,122.83355713,41.99505933,1871,2018-10-03 15:33:33.844000,2018-10-03 16:26:27.027000
460020095081880808,123.3928833,41.78121185,1887,2018-10-03 20:19:25.378000,2018-10-03 20:41:08.161000
460020095081880808,123.39809132,41.78744125,1872,2018-10-03 21:15:45.044000,2018-10-03 22:24:26.643000
460020095088859075,123.38901214,41.84692459,582,2018-10-03 09:15:08.881000,2018-10-03 09:50:51.741000
460020095088859075,123.6151886,41.91939926,583,2018-10-03 12:19:40.606000,2018-10-03 13:01:27.159000
460020095088859075,123.40963875,41.80685171,64,2018-10-03 19:13:05.088000,2018-10-03 20:06:24.677000
460020095088859075,123.396265,41.85017586,587,2018-10-03 21:18:32.345000,2018-10-03 21:48:07.090000
460020095088859075,123.3903427,41.84566116,582,2018-10-03 22:19:26.925000,2018-10-03 23:13:57.140000
460020095098336977,123.41570155,41.81600698,1385,2018-10-03 08:38:20.058000,2018-10-03 08:47:00.993000
460020095098336977,123.42852174,41.83638764,1374,2018-10-03 08:53:38.747000,2018-10-03 09:03:28.979000
460020095098336977,123.40950395,41.91158867,570,2018-10-03 09:13:16.919000,2018-10-03 09:17:05.808000
460020095098336977,123.47963903,41.81989002,1343,2018-10-03 10:43:20.692000,2018-10-03 10:50:35.866000
460020095098336977,123.5252253,41.81877391,1350,2018-10-03 12:15:44.746000,2018-10-03 12:31:26.664000
460020095098336977,123.44851981,41.84598013,1358,2018-10-03 13:09:40.333000,2018-10-03 14:18:18.508000
460020095098336977,123.416748,41.86885834,1354,2018-10-03 14:30:18.927000,2018-10-03 14:39:10.509000
460020095098336977,123.48129653,41.80442429,1395,2018-10-03 17:58:03.079000,2018-10-03 18:47:51.934000
460020095098336977,123.4786377,41.80295944,1356,2018-10-03 20:37:02.923000,2018-10-03 21:07:52.772000
460020095098336977,123.47306824,41.80060348,1356,2018-10-03 21:50:12.830000,2018-10-03 22:38:51.815000
460020095098364762,123.4342117,41.94113159,2013,2018-10-03 09:53:28.966000,2018-10-03 10:22:04.613000
460020095098364762,123.38795723,41.85601806,2015,2018-10-03 11:16:15.934000,2018-10-03 12:10:30.651000
460020095098364762,123.3867416,41.85422134,2015,2018-10-03 14:26:24.915000,2018-10-03 15:09:29.870000
460020095098364762,123.3900919,41.82880497,927,2018-10-03 16:33:21.943000,2018-10-03 16:47:35.512000
460020095098364762,123.40871242,41.80700112,368,2018-10-03 17:51:57.753000,2018-10-03 18:47:33.752000
460020095098364762,123.38291168,41.81224887,2011,2018-10-03 22:45:45.500000,2018-10-03 23:34:37.795000
460020095098800085,123.48466215,41.81246255,2628,2018-10-03 08:17:12.842000,2018-10-03 08:37:14.806000
460020095098800085,123.42628862,41.82338143,1509,2018-10-03 08:53:15.903000,2018-10-03 09:03:48.391000
460020095098800085,123.46300443,41.80876128,2638,2018-10-03 12:20:00.289000,2018-10-03 13:10:03.138000
460020095098800085,123.45506614,41.78229795,2669,2018-10-03 16:44:06.624000,2018-10-03 16:55:55.102000
460020095098800085,123.38804932,41.76187058,2652,2018-10-03 17:53:47.194000,2018-10-03 17:57:20.291000
460020095098800085,123.38875963,41.81198025,372,2018-10-03 18:41:13.717000,2018-10-03 19:04:35.399000
460020095098800085,123.4062454,41.81970825,113,2018-10-03 18:46:58.186000,2018-10-03 18:58:52.405000
460020095098800085,123.44406336,41.81174226,971,2018-10-03 22:45:23.722000,2018-10-03 23:13:13.334000
460070095005469544,122.757019,41.51089859,628,2018-10-03 00:15:29.451000,2018-10-03 00:54:26.974000
460070095005469544,122.7269135,41.51633072,618,2018-10-03 20:25:03.139000,2018-10-03 21:12:43.841000
460070095005469544,122.77323239,41.51896039,619,2018-10-03 22:24:13.251000,2018-10-03 22:33:28.124000
460070095005469544,123.40767014,41.80360249,607,2018-10-03 23:25:15.396000,2018-10-03 23:53:28.844000
460070095006117569,123.28037075,41.75796318,2184,2018-10-03 16:56:27.518000,2018-10-03 17:10:43.020000
460070095006117569,123.40888688,41.80827875,64,2018-10-03 18:20:48.500000,2018-10-03 21:08:54.142000
460070095006117569,123.43981605,41.80581011,2181,2018-10-03 22:26:15.784000,2018-10-03 23:15:39.424000
460070095021168998,123.4072215,41.80543391,1426,2018-10-03 06:56:13.719000,2018-10-03 07:47:42.009000
460070095021168998,123.39907074,41.79058734,1613,2018-10-03 18:37:27.875000,2018-10-03 19:54:18.569000
460070095021168998,123.39963148,41.79159069,1612,2018-10-03 20:57:15.537000,2018-10-03 21:20:35.633000
460070095021168998,123.4013168,41.79298248,1614,2018-10-03 22:01:58.881000,2018-10-03 22:30:36.398000
460070095024575626,123.3325051,41.82117547,659,2018-10-03 13:18:38.293000,2018-10-03 15:29:39.160000
460070095024575626,123.39841078,41.80182647,658,2018-10-03 17:16:04.972000,2018-10-03 17:48:25.369000
460070095024575626,123.40658031,41.80781666,64,2018-10-03 20:11:43.808000,2018-10-03 23:53:29.765000
460070095024644511,123.4299622,41.7955513,672,2018-10-03 02:36:34.138000,2018-10-03 03:43:21.977000
460070095024644511,123.4299622,41.7955513,672,2018-10-03 04:26:46.130000,2018-10-03 05:26:50.969000
460070095024644511,123.42963566,41.7953392,688,2018-10-03 10:38:46.725000,2018-10-03 11:22:20.879000
460070095024644511,123.42653812,41.79393463,672,2018-10-03 14:45:34.624000,2018-10-03 15:31:10.541000
460070095024644511,123.37272263,41.79468473,679,2018-10-03 17:53:53.096000,2018-10-03 18:06:13.988000
460070095024644511,123.4299622,41.7955513,672,2018-10-03 19:11:58.971000,2018-10-03 19:32:41.943000
460070095024644511,123.42950748,41.79792862,18,2018-10-03 20:13:27.952000,2018-10-03 20:58:39.476000
460070095024644511,123.46585464,41.80299416,686,2018-10-03 21:18:44.730000,2018-10-03 23:56:26.306000
460070095024650259,123.41100012,41.80817748,230,2018-10-03 00:10:08.776000,2018-10-03 02:18:09.987000
460070095024650259,123.41080268,41.8082369,230,2018-10-03 02:48:54.619000,2018-10-03 03:32:30.482000
460070095024650259,123.35733286,41.83404064,2196,2018-10-03 03:56:28.435000,2018-10-03 13:30:01.884000
460070095024650259,123.3550003,41.83406372,2201,2018-10-03 14:20:24.062000,2018-10-03 14:49:16.746000
460070095024650259,123.37880517,41.82813549,786,2018-10-03 21:21:18.804000,2018-10-03 21:27:39.350000
460070095024650259,123.4112791,41.80809353,89,2018-10-03 21:41:50.480000,2018-10-03 23:56:09.800000
460070095025648611,123.38230284,41.78355331,2218,2018-10-03 00:36:21.725000,2018-10-03 00:45:27.419000
460070095025648611,123.37766393,41.83139102,1710,2018-10-03 01:01:54.680000,2018-10-03 01:21:42.165000
460070095025648611,123.37941084,41.80279323,2210,2018-10-03 01:28:52.189000,2018-10-03 01:45:54.956000
460070095025648611,123.34005355,41.77604866,286,2018-10-03 18:59:53.103000,2018-10-03 19:12:33.202000
460070095025648611,123.36198615,41.8085556,2239,2018-10-03 19:23:41.651000,2018-10-03 19:26:42.083000
460070095025648611,123.43813895,41.82820034,1991,2018-10-03 21:32:49.753000,2018-10-03 21:41:04.993000
460070095025648611,123.40926171,41.81467183,2214,2018-10-03 22:31:06.757000,2018-10-03 22:58:41.789000
460070095025648611,123.3369751,41.80362396,1184,2018-10-03 23:24:15.582000,2018-10-03 23:32:18.221000
460070095025648611,123.3676239,41.80649872,1113,2018-10-03 23:43:57.451000,2018-10-03 23:55:54.580000
460070095025649502,123.3649411,41.79341253,2263,2018-10-03 00:02:02.546000,2018-10-03 01:15:52.832000
460070095025649502,123.3644791,41.7935791,2263,2018-10-03 06:56:54.766000,2018-10-03 07:57:51.662000
460070095025649502,123.3644791,41.7935791,2263,2018-10-03 08:47:48.172000,2018-10-03 09:06:06.447000
460070095025649502,123.36516488,41.7930425,2263,2018-10-03 09:34:29.516000,2018-10-03 10:49:12.733000
460070095025649502,123.3736782,41.79420567,2269,2018-10-03 15:08:05.010000,2018-10-03 15:17:45.462000
460070095025649502,123.46805531,41.80293354,981,2018-10-03 15:37:19.238000,2018-10-03 18:19:35.957000
460070095025649502,123.37454985,41.7921486,2265,2018-10-03 19:54:44.640000,2018-10-03 20:00:32.868000
460070095025649502,123.37203472,41.79550553,1112,2018-10-03 22:05:54.081000,2018-10-03 22:35:44.196000
460070095025649502,123.36437417,41.7927742,2263,2018-10-03 23:11:12.791000,2018-10-03 23:37:06.310000
460070095040136238,123.41473005,41.77536011,1655,2018-10-03 00:24:33.085000,2018-10-03 00:32:39.455000
460070095040136238,123.43177708,41.88760079,2104,2018-10-03 09:40:54.345000,2018-10-03 10:04:29.810000
460070095040136238,123.40291593,41.92062569,2132,2018-10-03 12:19:31.357000,2018-10-03 12:52:46.326000
460070095040239953,123.41365663,41.82621078,2144,2018-10-03 12:02:30.757000,2018-10-03 13:02:56.227000
460070095040239953,123.40917421,41.80785497,58,2018-10-03 18:13:14.371000,2018-10-03 22:11:20.176000
460070095048036852,123.45669935,41.80111122,202,2018-10-03 09:04:15.357000,2018-10-03 09:50:43.292000
460070095048036852,123.4596024,41.79330063,2048,2018-10-03 11:01:48.482000,2018-10-03 12:07:16.685000
460070095048036852,123.4589996,41.80213165,2096,2018-10-03 13:38:51.121000,2018-10-03 14:59:07.479000
460070095048036852,123.40899184,41.806983,58,2018-10-03 17:39:44.075000,2018-10-03 18:39:31.535000
460070095048036852,123.41116715,41.80750561,89,2018-10-03 20:02:17.721000,2018-10-03 20:24:08.834000
460070095048036852,123.40125147,41.79226494,1399,2018-10-03 20:57:22.687000,2018-10-03 21:51:19.742000
460070095098504016,123.3762817,41.8028717,2153,2018-10-03 20:28:45.202000,2018-10-03 21:10:47.898000
460070095098504016,123.3741684,41.80398233,1180,2018-10-03 21:54:41.876000,2018-10-03 22:26:23.435000
460070095098504016,123.37808226,41.80516663,2151,2018-10-03 23:07:33.947000,2018-10-03 23:50:26.308000
460070095098545714,123.396843,41.87870026,2170,2018-10-03 07:39:05.120000,2018-10-03 09:08:01.246000
460070095098545714,123.396843,41.87870026,2170,2018-10-03 09:50:35.955000,2018-10-03 11:20:49.052000
460070095098545714,123.4625397,41.80088043,2171,2018-10-03 13:37:14.835000,2018-10-03 14:12:29.336000
460070095098545714,123.4625397,41.80088043,2171,2018-10-03 14:43:26.399000,2018-10-03 15:49:41.034000
460070095098545714,123.46122932,41.80272483,987,2018-10-03 18:08:38.537000,2018-10-03 18:29:00.252000
460070095098545714,123.46013852,41.80941433,2162,2018-10-03 22:20:49.810000,2018-10-03 23:42:20.806000
